Topic,Count,Name,CustomName,Representation,Representative_Docs,label_source,label_is_duplicate,label_review_status,topic_display_name
-1,617,-1_ปี_ประชุม_ร่าง_รัฐ,ไม่จัดกลุ่ม/ไม่แน่ชัด,"['ปี', 'ประชุม', 'ร่าง', 'รัฐ', 'รัฐสภา', 'ท้องถิ่น', 'สามัญ', 'บุคคล', 'พระราชบัญญัติ', 'ตุลาการ']","['สมาชิก วุฒิสภา คุณสมบัติ ลักษณะ ห้าม ก. คุณสมบัติ 1 สัญชาติ ไทย 2 อายุ ไม่ต่ํา สี่ สิบ ปี สมัคร เลือก 3 รู้ เชี่ยวชาญ ประสบการณ์ งาน สมัคร สิบ ปี ลักษณะ หลัก เกณฑ์ เงื่อนไข พระราชบัญญัติ สมาชิก วุฒิสภา 4 ชื่อ ทะเบียน บ้าน งาน เกี่ยวพัน พื้นที่ สมัคร หลักเกณฑ์ เงื่อนไข พระราชบัญญัติ สมาชิก วุฒิสภา ข. ลักษณะ ห้าม 1 บุคคล ห้าม สิทธิ สมัคร เลือกตั้ง 98 1 2 3 4 5 6 7 8 9 10 11 15 16 17 18 2 ราชการ 3 สมาชิก สภาผู้แทนราษฎร เว้น พ้น สมาชิก สภาผู้แทนราษฎร ห้า ปี สมัคร เลือก 4 สมาชิก พรรค เมือง 5 ผู้ดํารงตําแหน่ง พรรค เมือง เว้น พ้น ดํารงตําแหน่ง พรรค เมือง ห้า ปี สมัคร เลือก 6 รัฐมนตรี เว้น พ้น รัฐมนตรี ห้า ปี สมัคร เลือก 7 สมาชิก สภา ท้องถิ่น บริหาร ท้องถิ่น เว้น พ้น สมาชิก สภา ท้องถิ่น บริหาร ท้องถิ่น ห้า ปี สมัคร เลือก 8 บุพการี คู่สมรส บุตร ผู้ดํารงตําแหน่ง สมาชิก สภาผู้แทนราษฎร สมาชิก วุฒิสภา ราชการ เมือง สมาชิก สภา ท้องถิ่น บริหาร ท้องถิ่น สมัคร เลือก สมาชิก วุฒิสภา ผู้ดํารงตําแหน่ง ศาลรัฐธรรมนูญ องค์กร อิสระ 9 เคยดํารงตําแหน่ง สมาชิก วุฒิสภา', '255 กระทํา หลัก เกณฑ์ วิธีการ 1 ญัตติ คณะ รัฐมนตรี สมาชิก สภาผู้แทนราษฎรจํานวน ห้า จํานวน สมาชิก สภาผู้แทนราษฎร สมาชิก สภาผู้แทนราษฎร สมาชิก วุฒิสภาจํานวน ห้า จํานวน สมาชิก สอง สภา ประชาชน สิทธิ เลือกตั้ง จํานวน ห้า หมื่น คน ชื่อ เสนอ 2 ญัตติ เสนอ ร่าง รัฐสภา รัฐสภา พิจารณา สามวาระ 3 เสียง คะแนน วาระ หลักการ วิธี ชื่อ คะแนน คะแนน เสียง ชอบ กึ่ง จํานวน สมาชิก สอง สภา จํานวน สมาชิก วุฒิสภา ชอบ สาม จํานวน สมาชิก วุฒิสภา 4 พิจารณา วาระ สอง พิจารณา เรียงลํา ดับ ออกเสียง วาระ สอง เสียง ร่าง ประชาชน เสนอ โอกาส แทน ประชาชน ชื่อ คิดเห็น 5 พิจารณา วาระ สอง รอ สิบ ห้า พ้น กํา หนด รัฐสภา พิจารณา วาระ สาม 6 เสียง คะแนน วาระ สาม สุดท้าย วิธี ชื่อ คะแนน คะแนน เสียง ชอบ กึ่ง จํานวน สมาชิก สอง สภา จํานวน สมาชิก สภาผู้แทนราษฎร พรรค เมือง สมาชิก มิได้ดํารงตําแหน่ง รัฐมนตรี ประธาน สภาผู้แทนราษฎร รอง ประธาน สภาผู้แทนราษฎร ชอบ ร้อย ยี่ สิบ พรรค เมือง สมาชิก วุฒิสภา ชอบ สาม จํานวน สมาชิก วุฒิสภา 7 มติ ชอบ 6 รอ สิบ ห้า จึงนําร่าง ทูลเกล้าทูลกระหม่อม ถวาย 81 อนุโลม 8 ร่าง 1 ทั่วไป 2 พระมหากษัตริย์ 15 เรื่อง เกี่ยว คุณสมบัติ ลักษณะ ต้องห้าม ผู้ดํารงตําแหน่ง เรื่อง เกี่ยว อํานาจ ศาล องค์กร อิสระ เรื่อง ศาล องค์กร อิสระ อํานาจ ก่อนดําเนิน 7 ออกเสียง ประชามติ ออกเสียง ประชามติ เสียง ประชามติ ชอบ ร่าง ดําเนิน 7 9 นายก รัฐมนตรีนํา กราบบังคมทูล พระปรมาภิไธย 7 สมาชิก สภาผู้แทนราษฎร สมาชิก วุฒิสภา สมาชิก สอง สภา จํานวน สิบ สมาชิก สภา สอง สภา สิทธิ ชื่อ เสนอ ประธาน สภา สมาชิก ประธาน รัฐสภา ร่าง 7 ขัด 255 ลักษณะ 8 ประธาน สภา เรื่อง ศาลรัฐธรรมนูญ ศาลรัฐธรรมนูญ วินิจฉัย สาม สิบ เรื่อง พิจารณา วินิจฉัย ศาลรัฐธรรมนูญ นายก รัฐมนตรี ร่าง ทูลเกล้าทูลกระหม่อม ถวาย พระมหากษัตริย์ พระปรมาภิไธย', 'สาม สิบ เลือกตั้ง สมาชิก สภาผู้แทนราษฎร ประชุม รัฐสภา สมาชิก ประชุม ปี ประชุม สามัญ ทั่วไป ประชุม สามัญนิติบัญญัติ ประชุม ประชุม สามัญ ทั่วไป ประชุม สามัญนิติบัญญัติ สภาผู้แทนราษฎร ประชุม เวลา ปี ปฏิทิน ร้อย ห้า สิบ ประชุม สามัญนิติบัญญัติ สำหรับ ปี ประชุม สามัญนิติบัญญัติ รัฐสภา ดำเนินการ ประชุม 2 พิจารณาร่าง พระราชบัญญัติ ร่าง พระราชบัญญัติ อนุมัติ พระราชกำหนด ชอบ สงคราม ชอบ หนังสือ สัญญา เลือก ชอบ บุคคล ดำรง ตำแหน่ง ถอดถอน บุคคล ตำแหน่ง กระทู้ ถาม เว้น รัฐสภา มติ พิจารณา เรื่อง คะแนน เสียง กึ่ง จำนวน สมาชิก สอง สภา']",outlier,False,uncertain_unclustered,ไม่จัดกลุ่ม/ไม่แน่ชัด
0,96,0_ศาลฎีกา_ผู้ดํารงตําแหน่ง_ไต่สวน_ยื่น,การไต่สวนผู้ดำรงตำแหน่ง,"['ศาลฎีกา', 'ผู้ดํารงตําแหน่ง', 'ไต่สวน', 'ยื่น', 'อัยการ', 'ทรัพย์สิน', 'กล่าวหา', 'เมือง', 'หนี้สิน', 'กระทํา']","['ผู้ดํารงตําแหน่ง เมือง จงใจ ยื่น บัญชี รายการ ทรัพย์สิน หนี้สิน เอกสาร ที่กํา หนด จงใจ ยื่น บัญชี รายการ ทรัพย์สิน หนี้สิน เอกสาร ข้อความ เท็จ ปก ข้อ เท็จจริง แจ้ง ทราบ คณะกรรมการป้องกันและปราบปรามการทุจริตแห่ง ชาติ เสนอ เรื่อง ศาลฎีกา แผนกคดีอาญา ผู้ดํารงตําแหน่ง เมือง วินิจฉัย ศาลฎีกา แผนกคดีอาญา ผู้ดํารงตําแหน่ง เมือง วินิจฉัย ผู้ดํารงตําแหน่ง เมือง กระทํา พ้น ตําแหน่ง ศาลฎีกา แผนก คดีอาญา ผู้ดํารงตําแหน่ง เมือง วินิจฉัย 92 อนุโลม ห้าม ให้ดํารงตําแหน่ง เมืองหรือดํารงตําแหน่ง พรรค เมือง เวลา ห้า ปี ศาลฎีกา แผนกคดีอาญา ผู้ดํารงตําแหน่ง เมือง วินิจฉัย', 'คณะกรรมการป้องกันและปราบปรามการทุจริตแห่งชาติ อํานาจ 1 ไต่สวน กล่าวหา ผู้ดํารงตําแหน่ง เมือง ตุลาการ ศาลรัฐธรรมนูญ ผู้ดํารงตําแหน่ง องค์กร อิสระ ว่าการ ตรวจ เงินแผ่นดิน พฤติการณ์ ร่ํา รวย ปกติ ทุจริต จงใจ อํานาจ ขัด ฝ่าฝืน มาตรฐาน จริยธรรม ร้ายแรง เพื่อดําเนิน พระราชบัญญัติ ป้องกันและปราบปรามการทุจริต 2 ไต่สวน วินิจฉัย เจ้าหน้าที่ รัฐ ร่ํารวย ปกติ กระทํา ฐาน ทุจริต กระทํา ต่อตําแหน่ง ราชการ ต่อตําแหน่ง ยุติธรรม เพื่อดําเนิน พระราชบัญญัติ ป้องกันและปราบปรามการทุจริต 3 กํา หนด ผู้ดํารงตําแหน่ง เมือง ตุลาการ ศาลรัฐธรรมนูญ ผู้ดํารงตําแหน่ง องค์กร อิสระ ว่าการ ตรวจ เงินแผ่นดิน เจ้าหน้าที่ รัฐ ยื่น บัญชี ทรัพย์สิน หนี้สิน คู่สมรส บุตร บรรลุ นิติภาวะ ตรวจสอบ ตรวจสอบ ทรัพย์สิน หนี้สิน บุคคล พระราชบัญญัติ ป้องกันและปราบปรามการทุจริต 4 อํานาจ 1 2 3 คณะกรรมการป้องกันและปราบปราม ทุจริตแห่งชาติ มาตรการ แนวทาง ประสิทธิภาพ สุจริต เที่ยงธรรม จํา มอบหมาย หน่วย งาน รัฐ อํานาจ ป้องกันและปราบปรามการ ทุจริตดําเนิน แทน เรื่อง ร้ายแรง กระทํา เจ้าหน้าที่ รัฐ ระดับ กํา หนด พนักงาน เจ้าหน้าที่ หน่วย ธุรการ คณะ กรรมการป้องกันและปราบปรามการทุจริตแห่งชาติ ผู้ดําเนิน สอบสวน ไต่สวน เบื้อง ต้น หลักเกณฑ์ วิธี เงื่อนไข พระราชบัญญัติ ป้องกัน ปราบปรามการ ทุจริต', '236 สงสัย กล่าวหา ผู้ดํารงตําแหน่ง เมือง พระราชบัญญัติ ป้องกัน ปราบปรามการทุจริต ตุลาการ ศาลรัฐธรรมนูญ ผู้ดํารงตําแหน่ง องค์กร อิสระ ว่าการ ตรวจ เงินแผ่นดิน พฤติการณ์ 234 1 คณะ กรรมการป้องกันและปราบปรามการทุจริตแห่งชาติ ไต่สวน ข้อ เท็จจริง มติ คะแนน เสียง กึ่ง กรรมการ พฤติการณ์ กระทํา ไต่สวน ดําเนิน 1 ฝ่าฝืน มาตรฐาน จริยธรรม ร้ายแรง เสนอ เรื่อง ศาลฎีกา วินิจฉัย 226 เจ็ด พิจารณา พิพากษา ศาลฎีกา อนุโลม 2 1 สํานวน ไต่สวน อัยการ เพื่อด ําเนิน ฟ้อง คดี ศาลฎีกา แผนกคดีอาญา ผู้ดํารงตําแหน่ง เมือง หรือด ําเนิน พระราชบัญญัติ ป้องกันและปราบปรามการ ทุจริต ไต่สวน ข้อ เท็จจริง มติ คณะ กรรมการป้องกันและปราบปรามการทุจริตแห่ง ชาติ ต้องดําเนินการ เวลา กํา หนด พระราชบัญญัติ ป้องกันและปราบปรามการ ทุจริต ศาลฎีกา ศาลฎีกา แผนกคดีอาญา ผู้ดํารงตําแหน่ง เมือง ประทับ ฟ้อง กล่าวหา หยุด คํา พิพากษา เว้น ศาลฎีกา ศาลฎีกา แผนก คดีอาญา ผู้ดํารงตําแหน่ง เมือง คํา สั่ง ศาลฎีกา ศาลฎีกา แผนก คดีอาญา ผู้ดํารงตําแหน่ง เมือง คํา พิพากษา กล่าวหา พฤติการณ์ กระทํา กล่าวหา คํา พิพากษา พ้น ตําแหน่ง หยุด เพิกถอน สิทธิสมัคร เลือกตั้ง เพิกถอน สิทธิ เลือกตั้ง มีก ํา หนด เวลา สิบ ปี เพิกถอน สิทธิ สมัคร เลือกตั้ง สิทธิ สมัคร เลือกตั้ง สมัคร เลือก สมาชิก สภาผู้แทนราษฎร สมาชิก วุฒิสภา สมาชิก สภา ท้องถิ่น บริหาร ท้องถิ่น สิทธิดํารงตําแหน่ง เมือง ศาลฎีกา แผนกคดีอาญา ผู้ดํารงตําแหน่ง เมือง พิพากษา กล่าวหา ฐานร่ํารวย ปกติ ทุจริต ริบ ทรัพย์สิน กระทํา ทรัพย์สิน ประโยชน์ แทน ทรัพย์สิน ตก แผ่นดิน พิจารณา ศาลฎีกา ศาลฎีกา แผนกคดีอาญา ผู้ดํารงตําแหน่ง เมือง นําสํานวน ไต่สวน คณะกรรมการป้องกันและปราบปรามการทุจริตแห่ง ชาติ หลัก พิจารณา ประโยชน์ ยุติธรรม ศาลมีอํานาจ ไต่สวน ข้อ เท็จจริง พยาน หลักฐาน นํามาตรา บุคคล 234 3 จงใจ ยื่น บัญชี รายการ ทรัพย์สิน หนี้สิน จงใจ ยื่น บัญชี รายการ ทรัพย์สิน หนี้สิน เท็จ ปก ข้อ เท็จจริง แจ้ง ทราบ พฤติการณ์ เจตนา ทรัพย์สิน หนี้สิน อนุโลม']",heuristic_keyword_rule,False,review_required,การไต่สวนผู้ดำรงตำแหน่ง
1,70,1_สิทธิ_เจ้าพนักงาน_ท้องถิ่น_บุคคล,สิทธิทางกฎหมาย/วิธีพิจารณา,"['สิทธิ', 'เจ้าพนักงาน', 'ท้องถิ่น', 'บุคคล', 'ทุกข์', 'เรื่องราว', 'วิธี', 'นิติบุคคล', 'คณะตุลาการรัฐธรรมนูญ', 'หลัก']","['สิทธิ บุคคล ฟ้อง หน่วย ราชการ นิติบุคคล เนื่อง เจ้าพนักงาน คุ้มครอง', 'บุคคล คน คน สิทธิ เสนอ เรื่องราว ร้อง ทุกข์ เงื่อนไข วิธี', 'สิทธิ บุคคล ฟ้อง หน่วย ราชการ นิติบุคคล เจ้าพนักงาน คุ้มครอง']",heuristic_keyword_rule,False,review_required,สิทธิทางกฎหมาย/วิธีพิจารณา
2,55,2_ว่าง_แทน_อายุ_สมาชิก,ตำแหน่งว่าง/แต่งตั้งแทน,"['ว่าง', 'แทน', 'อายุ', 'สมาชิก', 'ร้อย', 'ตำแหน่ง', 'สภาผู้แทนราษฎร', 'ตําแหน่ง', 'สลาก', 'ร้อยแปด']","['ตําแหน่ง สมาชิก สภาผู้แทนราษฎร ว่าง อายุ สภาผู้แทนราษฎร ยุบ สภาผู้แทนราษฎร ดําเนิน 1 ตําแหน่ง สมาชิก สภาผู้แทนราษฎร เลือกตั้ง แบ่ง เขต เลือกตั้ง เลือกตั้ง สมาชิก สภาผู้แทนราษฎร แทน ตําแหน่ง ว่าง สี่ สิบ ห้า ตําแหน่ง ว่าง เว้น อายุ สภาผู้แทนราษฎร ร้อยแปด สิบ 2 ตําแหน่ง สมาชิก สภาผู้แทนราษฎร เลือกตั้ง สัดส่วน ประธาน สภาผู้แทนราษฎร ชื่อ ลํา ดับ ถัด บัญชี ชื่อ พรรค เมือง เขต เลือกตั้ง เลื่อน สมาชิก สภาผู้แทนราษฎร แทนตําแหน่ง ว่าง เลื่อน แทน ตําแหน่ง ว่าง สมาชิก สภาผู้แทนราษฎร สัดส่วน สมาชิก สมาชิกภาพ สมาชิก สภาผู้แทนราษฎร แทน 1 เลือกตั้ง แทน ตําแหน่ง ว่าง สมาชิกภาพ สมาชิก สภาผู้แทนราษฎร แทน 2 ถัด ชื่อ ราชกิจจานุเบกษา สมาชิก สภาผู้แทนราษฎร แทน ตําแหน่ง ว่าง ตําแหน่ง อายุ สภาผู้แทนราษฎร', 'สภาผู้แทนราษฎร สมาชิก จำนวน ห้า ร้อย คน สมาชิก เลือกตั้ง บัญชี ชื่อ 99 จำนวน ร้อย คน สมาชิก เลือกตั้ง ตำแหน่ง สมาชิก สภาผู้แทนราษฎร ว่าง เลือกตั้ง สมาชิก สภาผู้แทนราษฎร แทน ตำแหน่ง ว่าง สภาผู้แทนราษฎร สมาชิก สภาผู้แทนราษฎร', 'ดำเนิน ยุบ สภาผู้แทนราษฎร ว่าง อายุ สภาผู้แทนราษฎร ยุบ สภาผู้แทนราษฎร ดำเนิน 1 ตำแหน่ง ว่าง ตำแหน่ง สมาชิก สภาผู้แทนราษฎร บัญชี ชื่อ พรรค เมือง 99 ประธาน สภาผู้แทนราษฎร ราชกิจจานุเบกษา เจ็ด ตำแหน่ง ว่าง ชื่อ บัญชี ชื่อ พรรค เมือง ลำดับ ถัด เลื่อน สมาชิก สภาผู้แทนราษฎร แทน 2 ตำแหน่ง ว่าง ตำแหน่ง สมาชิก สภาผู้แทนราษฎร เลือกตั้ง แบ่ง เขต เลือกตั้ง 102 เลือกตั้ง สมาชิก สภาผู้แทนราษฎร แทน สี่ สิบ ห้า ตำแหน่ง ว่าง เว้น อายุ สภาผู้แทนราษฎร ร้อยแปด สิบ สมาชิกภาพ สมาชิก สภาผู้แทนราษฎร แทน 1 ถัด แทน ชื่อ สมาชิกภาพ สมาชิก สภาผู้แทนราษฎร แทน 2 เลือกตั้ง แทน ตำแหน่ง ว่าง สมาชิก สภาผู้แทนราษฎร แทน ตำแหน่ง อายุ สภาผู้แทนราษฎร']",heuristic_keyword_rule,False,review_required,ตำแหน่งว่าง/แต่งตั้งแทน
3,52,3_วินิจฉัย_ศาลรัฐธรรมนูญ_ศาล_พิจารณา,ศาลรัฐธรรมนูญ,"['วินิจฉัย', 'ศาลรัฐธรรมนูญ', 'ศาล', 'พิจารณา', 'คําวินิจฉัย', 'คณะตุลาการรัฐธรรมนูญ', 'คดี', 'ปัญหา', 'เรื่อง', 'ปวง']","['ศาล คดี ศาล คู่ โต้แย้ง ศาล สมควร 5 วินิจฉัย คณะตุลาการรัฐธรรมนูญ เกี่ยว ศาล รอ พิจารณา พิพากษา คดี ชั่วคราว เช่ น ทางการ คณะตุลาการรัฐธรรมนูญ พิจารณา วินิจฉัย วินิจฉัย คณะตุลาการรัฐธรรมนูญ คดี ปวง กระทบกระเทือน พิพากษา ศาล', 'ศาล คดี ศาล คู่ โต้แย้ง 6 คําวินิจฉัย ศาลรัฐธรรมนูญ เกี่ยว ศาล เช่ น ศาลรัฐธรรมนูญ พิจารณา วินิจฉัย ศาลดําเนิน พิจารณา รอ พิพากษา คดี ชั่วคราว คําวินิจฉัย ศาลรัฐธรรมนูญ ศาลรัฐธรรมนูญ คํา โต้แย้ง คู่ ตามวรรค สาระ วินิจฉัย ศาลรัฐธรรมนูญ เรื่อง พิจารณา คําวินิจฉัย ศาลรัฐธรรมนูญ คดี ปวง กระทบกระเทือน คํา พิพากษา ศาล', 'ศาล คดี ศาล คู่ โต้แย้ง 6 วินิจฉัย ศาลรัฐธรรมนูญ เกี่ยว ศาล รอ พิจารณา พิพากษา คดี ชั่วคราว เช่ น ศาลรัฐธรรมนูญ พิจารณา วินิจฉัย ศาลรัฐธรรมนูญ โต้แย้ง คู่ ตามวรรค สาระ วินิจฉัย ศาลรัฐธรรมนูญ เรื่อง พิจารณา วินิจฉัย ศาลรัฐธรรมนูญ คดี ปวง กระทบกระเทือน พิพากษา ศาล']",heuristic_keyword_rule,True,review_required,ศาลรัฐธรรมนูญ [T3]
4,47,4_สรรหา_กรรมการ_เลือก_คน,สรรหากรรมการตรวจเงินแผ่นดิน,"['สรรหา', 'กรรมการ', 'เลือก', 'คน', 'เงินแผ่นดิน', 'ตรวจ', 'จํานวน', 'คัดเลือก', 'ศาลฎีกา', 'ประธาน']","['คณะ กรรมการ สรรหา สมาชิก วุฒิ สภาคณะ ประธาน ศาลรัฐธรรมนูญ ประธาน กรรมการ การเลือกตั้ง ประธาน ตรวจ แผ่นดิน ประธาน กรรมการ ป้องกันและปราบปรามการทุจริตแห่ง ชาติ ประธาน กรรมการตรวจ เงินแผ่นดิน พิพากษา ศาลฎีกา ดํารงตําแหน่ง ไม่ต่ํา พิพากษา ศาลฎีกา ประชุม ศาลฎีกา มอบหมาย จํานวน คน ตุลาการ ศาลปกครองสูง ประชุม ตุลาการ ศาลปกครองสูง มอบหมาย จํานวน คน กรรมการ สรรหา บุคคล 114 สาม สิบ บัญชี ชื่อ คณะกรรมการการเลือกตั้ง แจ้ง สรรหา คณะกรรมการการเลือกตั้ง สรรหา สมาชิก วุฒิสภา กรรมการ ตามวรรค เลือก กรรมการ ประธาน กรรมการ กรรมการ ตําแหน่ง กรรมการ จํานวน กึ่ง คณะ กรรมการ สรรหา สมาชิก วุฒิสภา กรรมการ', 'สรรหา เลือก ตุลาการ ศาลรัฐธรรมนูญ 204 3 4 ดําเนิน 1 คณะ กรรมการ สรรหา ตุลาการ ศาลรัฐธรรมนูญ คณะ ประธาน ศาลฎีกา ประธาน ศาลปกครองสูงสุด ประธาน สภาผู้แทนราษฎร ผู้นํา ค้าน สภาผู้แทนราษฎร ประธาน องค์กร อิสระ เลือก คน กรรมการ สรรหา คัดเลือก คุณวุฒิ 204 3 4 สาม สิบ เลือก บุคคล ดํารงตําแหน่ง เสนอ ชื่อ เลือก ยินยอม ประธาน วุฒิสภา มติ คัดเลือก คะแนน คะแนน สอง สาม จํานวน กรรมการ กรรมการ ตําแหน่ง กรรมการ จํานวน กึ่ง คณะ กรรมการ สรรหา ตุลาการ ศาลรัฐธรรมนูญ กรรมการ 113 สอง อนุโลม 2 ประธาน วุฒิสภา ประชุม วุฒิสภา มติ ชอบ บุคคล คัดเลือก 1 สาม สิบ ชื่อ มติ วิธี คะแนน ลับ วุฒิสภา ชอบ ประธาน วุฒิสภานํา กราบบังคมทูล แต่งตั้ง วุฒิสภา ชอบ ชื่อ ชื่อ คณะ กรรมการ สรรหา ตุลาการ ศาลรัฐธรรมนูญ ดําเนิน สรรหา คณะกรรมการ สรรหา ตุลาการ ศาลรัฐธรรมนูญ วุฒิสภา มติ มติ เดิม คะแนน เอกฉันท์ ชื่อ ประธาน วุฒิสภานํา กราบบังคมทูล แต่งตั้ง มติ มติ เดิม เอกฉันท์ กระบวน สรรหา ต้องดําเนินการ สาม สิบ ต้องดําเนิน สรรหา คุณวุฒิ 1 เวลา กํา หนด ประชุม ศาลฎีกา แต่งตั้ง พิพากษา ศาลฎีกา ดํารงตําแหน่ง ไม่ต่ํา พิพากษา ศาลฎีกา จํานวน สาม คน ประชุม ตุลาการ ศาลปกครองสูงสุด แต่งตั้ง ตุลาการ ศาลปกครอง จํานวน สอง คน กรรมการ สรรหา เพื่อด ําเนิน 1 แทน', 'สรรหา เลือก ประธาน กรรมการ กรรมการ การเลือกตั้ง ดําเนิน 1 คณะ กรรมการ สรรหา กรรมการ การเลือกตั้ง จํานวน เจ็ด คน ประธาน ศาลฎีกา ประธาน ศาลรัฐธรรมนูญ ประธาน ศาลปกครองสูงสุด ประธาน สภาผู้แทนราษฎร ผู้นํา ค้าน สภาผู้แทนราษฎร บุคคล ประชุม ศาลฎีกา คัดเลือก จํานวน คน บุคคล ประชุม ตุลาการ ศาลปกครอง คัดเลือก จํานวน คน กรรมการ สรรหา คุณสมบัติ 230 สมควร กรรมการ การเลือกตั้ง จํานวน สาม คน เสนอ ประธาน วุฒิสภา เสนอ ยินยอม เสนอ ชื่อ มติ สรรหา คะแนน เสียง สอง สาม จํานวน กรรมการ กรรมการ ตําแหน่ง กรรมการ จํานวน กึ่ง คณะ กรรมการ สรรหา กรรมการ การเลือกตั้ง กรรมการ 113 สอง อนุโลม บุคคล ประชุม ศาลฎีกา ประชุม ตุลาการ ศาลปกครองสูง เลือก พิพากษา ตุลาการ กรรมการ สรรหา ผู้ดํารงตําแหน่ง องค์กร 2 ประชุม ศาลฎีกา พิจารณา สรรหา คุณสมบัติ 230 สมควร กรรมการ การเลือกตั้ง จํานวน สอง คน เสนอ ประธาน วุฒิสภา เสนอ ยินยอม 3 สรรหา 1 2 กระทํา สาม สิบ เลือก บุคคล ดํารงตําแหน่ง อาจดําเนิน สรรหา เวลา กําหนด สรรหา จํานวน เวลา ที่กําหนด 1 ประชุม ศาลฎีกา พิจารณา สรรหา แทน จํานวน สิบ ห้า ครบกําหนด 1 4 ประธาน วุฒิสภา ประชุม วุฒิสภา มติ ชอบ สรรหา 1 2 3 กระทํา วิธี คะแนน ลับ 5 วุฒิสภา ชอบ ให้ดําเนิน 6 วุฒิสภา ชอบ ชื่อ ชื่อ คณะ กรรมการ สรรหา กรรมการ เลือกตั้ง ประชุม ศาลฎีกา ดําเนิน สรรหา คณะกรรมการ สรรหา กรรมการ การเลือกตั้ง ประชุม ศาลฎีกา วุฒิสภา มติ มติ เดิม คะแนน เอกฉันท์ คะแนน สอง สาม ประชุม ศาลฎีกา ดําเนิน 6 มติ มติ เดิม เอกฉันท์ คะแนน ที่กําหนด กระบวน สรรหา ต้องดําเนินการ สาม สิบ ต้องดําเนิน 6 ชอบ 4 5 ประชุม เลือก คน ประธาน กรรมการ การเลือกตั้ง แจ้ง ประธาน วุฒิสภา ทราบ ประธาน วุฒิสภานํา กราบบังคมทูล แต่งตั้ง']",heuristic_keyword_rule,False,review_required,สรรหากรรมการตรวจเงินแผ่นดิน
5,47,5_วินิจฉัย_คณะตุลาการรัฐธรรมนูญ_ร้อง_แย้ง,ศาลรัฐธรรมนูญ,"['วินิจฉัย', 'คณะตุลาการรัฐธรรมนูญ', 'ร้อง', 'แย้ง', 'ข้อความ', 'แจ้ง', 'สมาชิก', 'ศาลรัฐธรรมนูญ', 'สภา', 'ขัด']","['สมาชิก วุฒิสภา สมาชิก สภาผู้แทนราษฎร จำนวน สาม จำนวน สมาชิก สภา สิทธิ ชื่อ ร้อง ประธาน สภา สมาชิก สมาชิกภาพ สมาชิก คน คน สำนั้น สิ้นสุด 97 3 4 5 6 7 8 10 11 114 3 4 5 6 7 9 10 11 ประธาน สภา ร้อง ร้อง คณะตุลาการรัฐธรรมนูญ วินิจฉัย สมาชิกภาพ สมาชิก สิ้นสุด คณะตุลาการรัฐธรรมนูญ วินิจฉัย คณะตุลาการรัฐธรรมนูญ แจ้ง วินิจฉัย ประธาน สภา ร้อง มติ คณะตุลาการรัฐธรรมนูญ สอง คะแนน เสียง สาม สี่ จำนวน ตุลาการ', 'ร่าง พระราชบัญญัติ ชอบ รัฐสภา นายก รัฐมนตรี ร่าง พระราชบัญญัติ ทูนเกล้าฯ ถวาย พระมหากษัตริย์ พระปรมาภิไธย 1 สมาชิก วุฒิสภา สมาชิก สภาผู้แทนราษฎร สอง สภา สมาชิก สภา จำนวน ห้า จำนวน สมาชิก สอง สภา ร่าง พระราชบัญญัติ ข้อความ ขัด แย้ง เสนอ ประธาน รัฐสภา ประธาน วุฒิสภา ประธาน สภาผู้แทนราษฎร ประธาน สภา คณะตุลาการรัฐธรรมนูญ พิจารณา วินิจฉัย แจ้ง นายก รัฐมนตรี ทราบ 2 นายก รัฐมนตรี ร่าง พระราชบัญญัติ ข้อความ ขัด แย้ง เช่ น คณะ ตุลาการ พิจารณา วินิจฉัย แจ้ง ประธาน วุฒิสภา ประธาน สภาผู้แทนราษฎร ทราบ คณะตุลาการรัฐธรรมนูญ พิจารณา วินิจฉัย นายก รัฐมนตรี ระงับ ดำเนินการ ร่าง พระราชบัญญัติ ตามวรรค วินิจฉัย คณะตุลาการรัฐธรรมนูญ คณะตุลาการ วินิจฉัย ร่าง พระราชบัญญัติ ข้อความ ขัด แย้ง นายก รัฐมนตรี ร่าง พระราชบัญญัติ คืน รัฐสภา', 'สมาชิก วุฒิสภา สมาชิก สภาผู้แทนราษฎร จำนวน สิบ จำนวน สมาชิก สภา สิทธิ ชื่อ ร้อง ประธาน สภา สมาชิก สมาชิกภาพ สมาชิก คน คน สภา สิ้นสุด 103 3 4 5 6 7 8 10 11 120 3 4 5 6 7 9 10 11 ประธาน สภา ร้อง ร้อง คณะตุลาการรัฐธรรมนูญ วินิจฉัย สมาชิกภาพ สมาชิก สิ้นสุด คณะตุลาการรัฐธรรมนูญ วินิจฉัย คณะตุลาการรัฐธรรมนูญ แจ้ง วินิจฉัย ประธาน สภา ร้อง ว รรค มติ คณะตุลาการรัฐธรรมนูญ สอง คะแนน เสียง สาม สี่ จำนวน ตุลาการ']",heuristic_keyword_rule,True,review_required,ศาลรัฐธรรมนูญ [T5]
6,47,6_สนอง_ประเภท_ธรรมนูญ_พระบรมราชโองการ,6_สนอง_ประเภท_ธรรมนูญ_พระบรมราชโองการ,"['สนอง', 'ประเภท', 'ธรรมนูญ', 'พระบรมราชโองการ', 'พิบูลสงคราม', 'ยกเลิก', 'หมายเหตุ', 'ปกครอง', 'ราชอาณาจักร', 'นายก']","['สั่ง นายก รัฐมนตรี สั่งการ อาศัย อำนาจ 17 ธรรมนูญ ปกครอง ราชอาณาจักร 2515 ยกเลิก สั่ง ตรา พระราชบัญญัติ สนอง พระบรมราชโองการ หม่อมราชวงศ์คึกฤทธิ์ ปราโมช ประธาน สภานิติบัญญัติแห่งชาติ', 'ยกเลิก 65 แทน 65 พระราชบัญญัติ ธรรมนูญ ปกครอง แผ่นดิน ไทย ชั่วคราว 2475 เวลา ยี่ สิบ ปี สภาผู้แทนราษฎร สมาชิก สอง ประเภท จำนวน 1 สมาชิก ประเภท 1 ราษฎร เลือกตั้ง เงื่อนไข 16 17 2 สมาชิก ประเภท 2 พระมหากษัตริย์ พระราชบัญญัติ เลือกตั้ง สมาชิก สภาผู้แทนราษฎร เวลา ฉะเพาะ กาล 2475 สนอง พระบรมราชโองการ พิบูลสงคราม นายก รัฐมนตรี', 'สั่ง นายก รัฐมนตรี สั่งการ อาศัย อำนาจ 21 2519 27 ธรรมนูญ ปกครอง ราชอาณาจักร 2520 ยกเลิก สั่ง ตรา พระราชบัญญัติ สนอง พระบรมราชโองการ พลอากาศเอก หะริน หงสกุล ประธาน สภานิติบัญญัติแห่งชาติ']",bertopic_default,False,unlabeled_default_review_required,6_สนอง_ประเภท_ธรรมนูญ_พระบรมราชโองการ
7,44,7_จอมทัพ_เคารพ_ละเมิด_ดำรง,พระราชสถานะ/จอมทัพ,"['จอมทัพ', 'เคารพ', 'ละเมิด', 'ดำรง', 'ฐานะ', 'ไทย', 'กำเนิด', 'เสมอ', 'องค์', 'แบ่งแยก']","['องค์ พระมหากษัตริย์ ดำรง ฐานะ เคารพ สักการะ ละเมิด กล่าวหา ฟ้องร้อง พระมหากษัตริย์', 'องค์ พระมหากษัตริย์ ดำรง ฐานะ เคารพ สักการะ ละเมิด กล่าวหา ฟ้องร้อง พระมหากษัตริย์', 'ประเทศไทย ราชอาณาจักร แบ่งแยก พระมหากษัตริย์ทรงเป็น ประมุข ดำรง ตำแหน่ง จอมทัพ ไทย องค์ พระมหากษัตริย์ ดำรง ฐานะ เคารพ สักการะ ละเมิด กล่าวหา ฟ้องร้อง']",heuristic_keyword_rule,False,review_required,พระราชสถานะ/จอมทัพ
8,44,8_คุก_ตาย_ห้าม_ลา,คุณสมบัติต้องห้าม/พ้นตำแหน่ง,"['คุก', 'ตาย', 'ห้าม', 'ลา', 'ลักษณะ', 'ประมาท', 'คุณสมบัติ', 'โทษ', 'สิ้นสุด', 'พิพากษา']","['สมาชิกภาพ สมาชิก สภาผู้แทน สิ้นสุด 1 อายุ สภาผู้ แทน ยุบ สภาผู้แทน 2 ตาย 3 ลา 4 คุณสมบัติ 85 88 5 ลักษณะ ห้าม 86 1 2 3 5 89 1 2 3 5 6 6 คุก พิพากษา โทษ คุก เว้น ประมาท ลหุโทษ โทษ ชั้นลหุโทษ', 'สมาชิกภาพ สมาชิก วุฒิสภา สิ้นสุด 1 วาระ 2 ตาย 3 ลา 4 ห้าม 103 5 คุณสมบัติ 117 1 6 ลักษณะ ห้าม 118 1 2 3 6 7 ประชุม ประชุม เวลา เก้า สิบ อนุญาต ประธาน วุฒิสภา 8 คุก พิพากษา คุก เว้น ประมาท ลหุโทษ', 'สมาชิกภาพ สมาชิก วุฒิสภา สิ้นสุด 1 วาระ 2 ตาย 3 ลา 4 สัญชาติ ไทย 5 ลักษณะ ห้าม 86 1 6 คุก พิพากษา โทษ คุก เว้น ประมาท ลหุโทษ โทษ ชั้นลหุโทษ']",heuristic_keyword_rule,False,review_required,คุณสมบัติต้องห้าม/พ้นตำแหน่ง
9,42,9_พระองค์_สำเร็จ_องคมนตรี_แทน,การสืบราชสมบัติ,"['พระองค์', 'สำเร็จ', 'องคมนตรี', 'แทน', 'สําเร็จ', 'ราชการ', 'ชั่วคราว', 'สืบ', 'พลาง', 'ราชสันตติวงศ์']","['อัญเชิญ องค์ พระรัชทายาท องค์ สืบ ราชสันตติวงศ์ ราชย์ พระมหากษัตริย์ 21 ประธาน องคมนตรี สำเร็จ ราชการ แทน พระองค์ พลาง ราชบัลลังก์ ว่าง แต่งตั้ง สำเร็จ ราชการ แทน พระองค์ 16 17 เวลา ประธาน องคมนตรี สำเร็จ ราชการ แทน พระองค์ 18 สำเร็จ ราชการ แทน พระองค์ สำเร็จ ราชการ แทน พระองค์ อัญเชิญ องค์ พระรัชทายาท องค์ สืบ ราชสันตติวงศ์ ราชย์ มหากษัตริย์ สำเร็จ ราชการ แทน พระองค์ แต่งตั้ง สำเร็จ ราชการ แทน พระองค์ ตามวรรค ประธาน องคมนตรี ทำ สำเร็จ ราชการ แทน พระองค์ ชั่วคราว ประธาน องคมนตรี สำเร็จ ราชการ แทน พระองค์ ทำ สำเร็จ ราชการ แทน พระองค์ ชั่วคราว สอง 18 สาม', 'ราชบัลลังก์ ว่าง คณะ องคมนตรี เสนอ พระนาม สืบ ราชสันตติวงศ์ 20 รัฐสภา ชอบ รัฐสภา ชอบ ประธาน รัฐสภา อัญเชิญ องค์ สืบ ราชสันตติวงศ์ ราชย์ พระมหากษัตริย์ สืบ ประธาน รัฐสภา ประชาชน ทราบ องค์ สืบ ราชสันตติวงศ์ ตามวรรค ประธาน องคมนตรี สำเร็จ ราชการ แทน พระองค์ พลาง ราชบัลลังก์ ว่าง แต่งตั้ง สำเร็จ ราชการ แทน พระองค์ 16 17 เวลา ประธาน องคมนตรี สำเร็จ ราชการ แทน พระองค์ 18 สำเร็จ ราชการ แทน พระองค์ สำเร็จ ราชการ แทน พระองค์ องค์ สืบ ราชสันตติวงศ์ สำเร็จ ราชการ แทน พระองค์ แต่งตั้ง สำเร็จ ราชการ แทน พระองค์ สอง ประธาน องคมนตรี ทำ สำเร็จ ราชการ แทน พระองค์ ชั่วคราว ประธาน องคมนตรี สำเร็จ ราชการ แทน พระองค์ สอง ทำ สำเร็จ ราชการ แทน พระองค์ ชั่วคราว สาม 18 สาม', 'อัญเชิญ องค์ พระรัชทายาท องค์ สืบ ราชสันตติวงศ์ ราชย์ พระมหากษัตริย์ 23 ประธาน องคมนตรี สำเร็จ ราชการ แทน พระองค์ ชั่วคราว พลาง ราชบัลลังก์ ว่าง แต่งตั้ง สำเร็จ ราชการ แทน พระองค์ 18 19 เวลา ประธาน องคมนตรี สำเร็จ ราชการ แทน พระองค์ 20 สำเร็จ ราชการ แทน พระองค์ สำเร็จ ราชการ แทน พระองค์ อัญเชิญ องค์ พระรัชทายาท องค์ สืบ ราชสันตติวงศ์ ราชย์ พระมหากษัตริย์ สำเร็จ ราชการ แทน พระองค์ แต่งตั้ง สำเร็จ ราชการ แทน พระองค์ ตามวรรค ประธาน องคมนตรี ทำ สำเร็จ ราชการ แทน พระองค์ ชั่วคราว พลาง ประธาน องคมนตรี สำเร็จ ราชการ แทน พระองค์ ตามวรรค ทำ สำเร็จ ราชการ แทน พระองค์ ชั่วคราว สอง ตรา 20 สาม']",heuristic_keyword_rule,True,review_required,การสืบราชสมบัติ [T9]
10,42,10_หน่วย_รัฐวิสาหกิจ_งาน_รัฐ,หน่วยราชการ/รัฐวิสาหกิจ,"['หน่วย', 'รัฐวิสาหกิจ', 'งาน', 'รัฐ', 'ราชการ', 'สัมปทาน', 'คู่', 'พนักงาน', 'อ้อม', 'เงิน']","['สมาชิก สภาผู้แทนราษฎร 1 ดำรง ตำแหน่ง หน่วย ราชการ หน่วย งาน รัฐ รัฐวิสาหกิจ ตำแหน่ง สมาชิก สภา ท้องถิ่น บริหาร ท้องถิ่น พนักงาน ท้องถิ่น ตำแหน่ง รัฐมนตรี ราชการ เมือง 2 สัมปทาน รัฐ หน่วย ราชการ หน่วย งาน รัฐ รัฐวิสาหกิจ สัมปทาน คู่ สัญญา รัฐ หน่วย ราชการ หน่วย งาน รัฐ รัฐวิสาหกิจ ลักษณะ ผูกขาด ตัดตอน อ้อม 3 เงิน ประโยชน์ หน่วย ราชการ หน่วย งาน รัฐ รัฐวิสาหกิจ พิเศษ หน่วย ราชการ หน่วย งาน รัฐ รัฐวิสาหกิจ บุคคล ธุรกิจ การงาน ปกติ สมาชิก สภาผู้แทนราษฎร เบี้ยหวัด บำเหน็จ บำนาญ เงิน ปี พระบรมวงศานุวงศ์ เงิน ลักษณะ สมาชิก สภาผู้แทน ราษฎร ดำรง ตำแหน่ง กรรมาธิการ รัฐสภา สภาผู้แทนราษฎร กรรมการ แต่งตั้ง ฐานะ คุณวุฒิ กรรมการ แต่งตั้ง บริหาร ราชการ แผ่นดิน ดำรง ตำแหน่ง ราชการ เมือง', 'สมาชิก สภาผู้แทนราษฎร 1 ดำรง ตำแหน่ง หน่วย ราชการ หน่วย งาน รัฐ รัฐวิสาหกิจ ตำแหน่ง สมาชิก สภา ท้องถิ่น บริหาร ท้องถิ่น พนักงาน ท้องถิ่น ตำแหน่ง รัฐมนตรี ราชการ เมือง 2 สัมปทาน รัฐ หน่วย ราชการ หน่วย งาน รัฐ รัฐวิสาหกิจ คู่ สัญญา รัฐ หน่วย ราชการ หน่วย งาน รัฐ รัฐวิสาหกิจ ลักษณะ ผูกขาด ตัดตอน อ้อม 3 เงิน ประโยชน์ หน่วย ราชการ หน่วย งาน รัฐ รัฐวิสาหกิจ พิเศษ หน่วย ราชการ หน่วย งาน รัฐ รัฐวิสาหกิจ บุคคล ธุรกิจ การงาน ปกติ 2 สมาชิก สภาผู้แทนราษฎร สัมปทาน คู่ สัญญา เลือกตั้ง สมาชิก สภาผู้แทนราษฎร เบี้ยหวัด บำเหน็จ บำนาญ เงิน ปี พระบรมวงศานุวงศ์ เงิน ลักษณะ สมาชิก สภาผู้แทนราษฎร ดำรง ตำแหน่ง กรรมาธิการ รัฐสภา สภาผู้แทนราษฎร กรรมการ แต่งตั้ง ฐานะ คุณวุฒิ กรรมการ แต่งตั้ง บริหาร ราชการ แผ่นดิน ดำรง ตำแหน่ง ราชการ เมือง', 'สมาชิก สภาผู้แทนราษฎร 1 ดำรง ตำแหน่ง หน่วย ราชการ หน่วย งาน รัฐ รัฐวิสาหกิจ ตำแหน่ง สมาชิก สภา ท้องถิ่น บริหาร ท้องถิ่น พนักงาน ท้องถิ่น ตำแหน่ง รัฐมนตรี ราชการ เมือง 2 สัมปทาน รัฐ หน่วย ราชการ หน่วย งาน รัฐ รัฐวิสาหกิจ คู่ สัญญา รัฐ หน่วย ราชการ หน่วย งาน รัฐ รัฐวิสาหกิจ ลักษณะ ผูกขาด ตัดตอน อ้อม 3 เงิน ประโยชน์ หน่วย ราชการ หน่วย งาน รัฐ รัฐวิสาหกิจ พิเศษ หน่วย ราชการ หน่วย งาน รัฐ รัฐวิสาหกิจ บุคคล ธุรกิจการ งาน ปกติ 2 สมาชิก สภาผู้แทน ราษฎร สัมปทาน คู่ สัญญา เลือกตั้ง สมาชิก สภาผู้แทน ราษฎร เบี้ยหวัด บำเหน็จ บำนาญ เงิน ปี พระบรมวงศานุวงศ์ เงิน ลักษณะ สมาชิก สภาผู้แทนราษฎร ดำรง ตำแหน่ง กรรมาธิการ รัฐสภา สภาผู้แทนราษฎร กรรมการ แต่งตั้ง ฐานะ คุณวุฒิ กรรมการ แต่งตั้ง บริหาร ราชการ แผ่นดิน ดำรง ตำแหน่ง ราชการ เมือง']",heuristic_keyword_rule,False,review_required,หน่วยราชการ/รัฐวิสาหกิจ
11,41,11_พัฒนา_ส่งเสริม_ระบบ_สนับสนุน,หน้าที่บุคคล/ส่งเสริมรัฐ,"['พัฒนา', 'ส่งเสริม', 'ระบบ', 'สนับสนุน', 'กลไก', 'ประสิทธิภาพ', 'ประชาชน', 'เศรษฐกิจ', 'สังคม', 'บริการ']","['รัฐ ต้องดําเนิน แนว นโยบาย สังคม สาธารณสุข ศึกษา วัฒนธรรม 1 คุ้มครอง พัฒนา เด็ก เยาวชน สนับสนุน อบรมเลี้ยงดู ศึกษา ปฐม วัย ส่งเสริม เสมอภาค หญิง ชาย เสริมสร้าง พัฒนา ปึกแผ่น สถาบัน ครอบครัว ชุมชน สงเคราะห์ สวัสดิการ อายุ ยากไร้ พิการ ทุพพลภาพ สภาวะ ยากล ําบาก คุณภาพ ชีวิต ดี พึ่งพา 2 ส่งเสริม สนับสนุน พัฒนา ระบบ สุขภาพ สร้างเสริมสุขภาพ อันนํา สุขภาวะ ยั่งยืน ประชาชน ส่งเสริม ประชาชน บริการ สาธารณสุข มาตรฐาน ทั่วถึง ประสิทธิภาพ ส่งเสริม เอกชน ชุมชน พัฒนา สุขภาพ บริการ สาธารณสุข บริการ มาตรฐาน วิชาชีพ จริยธรรม คุ้มครอง 3 พัฒนา คุณภาพ มาตรฐาน ศึกษา ระดับ รูปแบบ สอดคล้อง เศรษฐกิจ สังคม แผน ศึกษา ชาติ พัฒนา ศึกษา ชาติ พัฒนา คุณภาพ ครู บุคลากร ศึกษา ก้าวหน้า สังคม โลก ปลูกฝัง เรียน จิต สํา นึก ไทย วินัย คํานึง ประโยชน์ ยึดมั่น ปกครอง ระบอบ ประชาธิปไตย อันมีพระมหากษัตริย์ทรงเป็นประมุข 4 ส่งเสริม สนับสนุน การกระจายอํานาจ องค์กรปกครอง ท้องถิ่น ชุมชน องค์การ ศาสนา เอกชน ศึกษา พัฒนา มาตรฐาน คุณภาพ ศึกษา เท่าเทียม สอดคล้อง แนว นโยบาย พื้นฐาน รัฐ 5 ส่งเสริม สนับสนุน ศึกษา วิจัย ศิลปวิทยา แขนง เผยแพร่ ข้อมูล ศึกษา วิจัย ทุน สนับสนุน ศึกษา วิจัย รัฐ 6 ส่งเสริม สนับสนุน รู้ รัก สามัคคี เรียนรู้ ปลูก จิต สํา นึก เผยแพร่ ศิลปวัฒนธรรม ขนบธรรมเนียมประเพณี ชาติ ค่า นิยม ดีงาม ภูมิปัญญา ท้องถิ่น', 'รัฐ ต้องดําเนิน แนว นโยบาย บริหาร ราชการ แผ่นดิน 1 บริหาร ราชการ แผ่นดิน พัฒนา สังคม เศรษฐกิจ มั่นคง ประเทศ ยั่งยืน ส่งเสริม ดําเนิน ปรัชญา เศรษฐกิจ คํานึง ประโยชน์ ประเทศชาติ ภาพ สํา คัญ 2 ระบบ บริหาร ราชการ กลาง ส่วนภูมิภาค ท้องถิ่น ขอบเขต อํานาจ รับผิดชอบ ชัดเจน เหมาะสม พัฒนา ประเทศ สนับสนุน จังหวัด แผน งบ พัฒนา จังหวัด ประโยชน์ ประชาชน พื้นที่ 3 กระจายอํานาจ องค์กรปกครอง ท้องถิ่นพึ่ง ตัดสินใจ กิจการ ท้องถิ่น ส่งเสริม องค์กรปกครอง ท้องถิ่น ดําเนินการ แนว นโยบาย พื้นฐาน รัฐ พัฒนา เศรษฐกิจ ท้องถิ่น ระบบ สาธารณูปโภค สาธารณูปการ โครงสร้าง พื้นฐาน สาร สนเทศ ท้องถิ่น ทั่วถึง เท่าเทียม ประเทศ พัฒนา จังหวัด องค์กร ปกครอง ท้องถิ่น ขนาด คํานึง เจตนารมณ์ ประชาชน จังหวัด 4 พัฒนา ระบบ งาน รัฐ พัฒนา คุณภาพ คุณธรรม จริยธรรม เจ้าหน้าที่ รัฐ ควบคู่ ปรับปรุง รูปแบบ วิธี งาน บริหาร ราชการ แผ่นดิน ประสิทธิภาพ ส่งเสริม หน่วย งาน รัฐ หลักการ บริหาร กิจการบ้านเมือง ดี แนวทาง ราชการ 5 ระบบ งาน ราชการ งาน รัฐ บริการ สาธารณะ ประสิทธิภาพ โปร่งใส ตรวจสอบ คํานึง ประชาชน 6 ดําเนิน หน่วย งาน เกี่ยว ดําเนิน งาน รัฐ ตรวจสอบ ตรา รัฐ ดําเนิน อิสระ บริหาร ราชการ แผ่นดิน หลัก นิติธรรม 7 แผน พัฒนา เมือง สภา พัฒนาการ เมือง อิสระ ติดตาม สอดส่อง แผน เคร่งครัด 8 ดําเนินการ ราชการ เจ้าหน้าที่ รัฐ สิทธิ ประโยชน์ เหมาะสม', 'ดําเนิน ปฏิรูป ประเทศ ก. เมือง 1 ประชาชน รู้ เกี่ยว ปกครองในระบอบประชาธิปไตย อันมีพระมหากษัตริย์ทรงเป็นประมุข ดําเนิน กิจกรรม เมือง ตรวจสอบ อํานาจ รัฐ รู้จัก เมือง สุจริต แตกต่าง ประชาชน สิทธิ เลือกตั้ง ออกเสียง ประชามติ อิสระ ปราศจาก ครอบงํา 2 ให้การ ดําเนิน กิจกรรม พรรค เมือง ตรวจสอบ พรรค เมือง พัฒนา สถาบัน เมือง ประชาชน อุดมการณ์ เมือง กระบวนการ สมาชิก พรรค เมือง รับผิดชอบ ดําเนิน กิจกรรม เมือง คัดเลือก รู้ ซื่อสัตย์สุจริต คุณธรรม จริยธรรม ผู้ดํารงตําแหน่ง เมือง ชัดเจน รูปธรรม 3 กลไก กํา หนด รับผิดชอบ พรรค เมือง โฆษณา นโยบาย วิเคราะห์ กระทบ คุ้ม ค่า เสี่ยง รอบ 4 กลไก กํา หนด ผู้ดํารงตําแหน่ง เมือง ซื่อสัตย์สุจริต รับผิดชอบ ประชาชน 5 กลไก ปัญหา ขัดแย้ง เมือง สันติ วิธี ปกครอง ระบอบ ประชาธิปไตย อันมีพระมหากษัตริย์ทรงเป็นประมุข ข. บริหาร ราชการ แผ่นดิน 1 นําเทคโนโลยี เหมาะสม ประยุกต์ บริหาร ราชการ แผ่นดิน บริการ สาธารณะ ประโยชน์ บริหาร ราชการ แผ่นดิน อํานวย สะดวก ประชาชน 2 บูรณา ฐาน ข้อมูล หน่วย งาน รัฐ หน่วย งาน ระบบ ข้อมูล บริหาร ราชการ แผ่นดิน บริการ ประชาชน 3 ปรับปรุง พัฒนา โครงสร้าง ระบบ บริหาร งาน รัฐ แผนกําลัง คน รัฐ ท้าทาย ต้องดําเนินการ เหมาะสม ภารกิจ หน่วย งาน รัฐ หน่วย งาน แตกต่าง 4 ปรับปรุง พัฒนาการ บริหาร งาน บุคคล รัฐ จูงใจ รู้ งาน หน่วย งาน รัฐ เจริญก้าวหน้า สัมฤทธิ์ งาน บุคคล ซื่อสัตย์สุจริต กล้า ตัดสินใจ กระทํา ประโยชน์ ประโยชน์ ตัว สร้างสรรค์ คิดค้น นวัตกรรม ราชการ บริหาร ราชการ แผ่นดิน ประสิทธิภาพ มาตรการ คุ้มครอง ป้องกัน บุคลากร รัฐ อํานาจ เป็นธรรม บังคับบัญชา 5 ปรับปรุง ระบบ จัดซื้อจัดจ้าง รัฐ คล่อง ตัว ตรวจสอบ กลไก ป้องกัน ทุจริต ขั้นตอน ค. 1 กลไก ดําเนิน ปรับปรุง กฎ ข้อ สอดคล้อง หลักการ 77 พัฒนา สอดคล้อง หลัก สากล ระบบ อนุญาต ระบบ ดําเนิน คณะ กรรมการ จํา งาน คล่องตัว รับผิดชอบ ชัดเจน สร้าง ภาระ ประชาชน จํา แข่งขัน ประเทศ ป้องกัน ทุจริต ประพฤติ ชอบ 2 ปฏิรูป ระบบ การเรียนการสอน ศึกษา อบรมวิชา พัฒนา วิชาชีพ รอบรู้ นิติทัศนะ ยึดมั่น คุณธรรม จริยธรรม 3 พัฒนา ระบบ ฐาน ข้อมูล รัฐ เทคโนโลยี ประชาชน ข้อมูล สะดวก เนื้อหาสาระ 4 กลไก ช่วยเหลือ ประชาชน เสนอ ร่าง ง. กระบวนการ ยุติธรรม 1 กําหนด เวลาดําเนิน งาน ขั้นตอน กระบวนการ ยุติธรรม ชัดเจน ประชาชน ยุติธรรม ล่าช้า กลไก ช่วยเหลือ ประชาชน ขาดแคลน ทุนทรัพย์ กระบวนการ ยุติธรรม สร้าง กลไก เคร่งครัด ลด เหลื่อม ล้ํา เป็นธรรม สังคม 2 ปรับปรุง ระบบ สอบสวน คดี อาญา ตรวจสอบ ถ่วงดุล พนักงาน สอบสวน พนักงาน อัยการ เหมาะสม กําหนด เวลา เจ้าหน้าที่ ชัดเจน คดี อายุ สร้าง พนักงาน สอบสวน พนักงาน อัยการ สอบสวน คดี อาญา กําหนด สอบสวน ประโยชน์ นิติวิทยาศาสตร์ บริการ นิติวิทยาศาสตร์ หน่วย งาน อิสระ ประชาชน บริการ พิสูจน์ ข้อ เท็จจริง เลือก 3 เสริมสร้าง พัฒนา วัฒนธรรม องค์กร องค์กร กระบวนการ ยุติธรรม มุ่งอํานวย ยุติธรรม ประชาชน สะดวก 4 ดําเนิน ประสิทธิภาพ ปรับปรุง เกี่ยว อํานาจ ภารกิจ ตํารวจ เหมาะสม ปรับปรุง เกี่ยว บริหาร งาน บุคคล ราชการ ตํารวจ ประสิทธิภาพ หลัก ประกัน ราชการ ตํารวจ ค่า ตอบแทน เหมาะสม เป็นธรรม แต่งตั้ง โยกย้าย พิจารณาบําเหน็จ ชอบ ระบบ คุณธรรม ชัดเจน พิจารณา แต่งตั้ง โยกย้าย คํานึง อาวุโส รู้ ราชการ ตํารวจ อิสระ ตก อาณัติ บุคคล ประสิทธิภาพ ภาคภูมิใจ จ. ศึกษา 1 เริ่มด ําเนินการ เด็ก ดูแล พัฒนา ศึกษา 54 สอง เด็ก พัฒนา ร่างกาย จิตใจ วินัย อารมณ์ สังคม สติปัญญา สม วัย ค่า ใช้จ่าย 2 ดําเนิน ตรา กอง ทุน 54 หก ปี 3 กลไก ระบบ ผลิต คัดกรอง พัฒนา วิชา ชีพ ครู อาจารย์ จิตวิญญาณ ครู รู้ ค่า ตอบแทน เหมาะสม ประสิทธิภาพ สอน กลไก สร้าง ระบบ คุณธรรม บริหาร งาน บุคคล วิชาชีพ ครู 4 ปรับปรุง การเรียนการสอน ระดับ เรียน เรียน ถนัด ปรับปรุง โครงสร้าง หน่วย งาน บรรลุ เป้าหมาย สอดคล้อง ระดับ ชาติ ระดับ พื้นที่ ฉ. เศรษฐกิจ 1 ขจัด อุปสรรค เสริมสร้าง แข่งขัน ประเทศ ประเทศชาติ ประชาชน ประโยชน์ เศรษฐกิจ ยั่งยืน ภูมิ คุ้มกัน ดี 2 สร้าง กลไก ส่งเสริม สนับสนุน สร้างสรรค์ เทคโนโลยี พัฒนา เศรษฐกิจ ประเทศ 3 ปรับปรุง ระบบ ภาษี อากร เป็นธรรม ลด เหลื่อม ล้ํา เพิ่มพูน รัฐ ประสิทธิภาพ ปรับปรุง ระบบ ใช้จ่าย งบ ประสิทธิภาพ สัมฤทธิผล 4 สร้าง กลไก ส่งเสริมสหกรณ์ ขนาด แข่งขัน เหมาะสม ส่งเสริม วิสาหกิจ สังคม วิสาหกิจ มิตร แวดล้อม สร้าง กลไก โอกาส งาน อาชีพ ประชาชน ช. 1 ระบบ บริหารจัดการ ทรัพยากร น้ํา ประสิทธิภาพ เป็นธรรม ยั่งยืน คํานึง ต้องการ น้ํา มิติ สภาพ แวดล้อม สภาพ ภูมิอากาศ 2 กระจาย ครอง ที่ดิน เป็นธรรม ตรวจสอบ กรรมสิทธิ์ ครอง ที่ดิน ประเทศ ปัญหา กรรมสิทธิ์ สิทธิ ครอบครอง ที่ดิน ระบบ 3 ระบบ กํา ขยะมูลฝอย ประสิทธิภาพ มิตร แวดล้อม สามารถนํา ประโยชน์ 4 ระบบ หลัก ประกัน สุขภาพ ประชาชน สิทธิ ประโยชน์ บริหารจัดการ บริการ คุณภาพ สะดวก ทัดเทียม 5 ระบบ แพทย์ ปฐม ภูมิ แพทย์ เวชศาสตร์ ครอบครัว ดูแล ประชาชน สัดส่วน เหมาะสม']",heuristic_keyword_rule,False,review_required,หน้าที่บุคคล/ส่งเสริมรัฐ
12,41,12_ศาลปกครอง_ศาลยุติธรรม_ตุลาการ_เลื่อน,ศาลยุติธรรม/ศาลปกครอง,"['ศาลปกครอง', 'ศาลยุติธรรม', 'ตุลาการ', 'เลื่อน', 'กรรมการ', 'เดือน', 'ศาลทหาร', 'ศาล', 'เลขาธิการ', 'พิพากษา']","['แต่งตั้ง พิพากษา ศาลยุติธรรม พ้น ตำแหน่ง ชอบ คณะ กรรมการ ตุลาการ ราชการ ตุลาการ กราบบังคมทูล เลื่อน ตำแหน่ง เลื่อน เงิน เดือน โทษ พิพากษา ศาลยุติธรรม ชอบ คณะ กรรมการ ตุลาการ ราชการ ตุลาการ', 'แต่งตั้ง พิพากษา ศาลยุติธรรม พ้น ตำแหน่ง ชอบ คณะ กรรมการ ตุลาการ ราชการ ตุลาการ กราบบังคมทูล เลื่อน ตำแหน่ง เลื่อน เงิน เดือน โทษ พิพากษา ศาลยุติธรรม ชอบ คณะ กรรมการ ตุลาการ ราชการ ตุลาการ', 'แต่งตั้ง พิพากษา ศาลยุติธรรม พ้น ตำแหน่ง ชอบ คณะ กรรมการ ตุลาการ ราชการ ตุลาการ กราบบังคมทูล เลื่อน ตำแหน่ง เลื่อน เงิน เดือน โทษ พิพากษา ศาลยุติธรรม ชอบ คณะ กรรมการ ตุลาการ ราชการ ตุลาการ']",heuristic_keyword_rule,False,review_required,ศาลยุติธรรม/ศาลปกครอง
13,39,13_เสียง_ตีความ_รัฐสภา_สอง,การตีความ/รัฐสภาสองสภา,"['เสียง', 'ตีความ', 'รัฐสภา', 'สอง', 'คะแนน', 'มติ', 'สงคราม', 'จำนวน', 'ประชุม', 'ข้อ']","['มติ วินิจฉัย ข้อ ปรึกษา เสียง เว้น สมาชิก คน เสียง เสียง คะแนน คะแนน เสียง ประธาน ประชุม เสียง เสียง เสียง ชี้ขาด', 'มติ วินิจฉัย ข้อ ปรึกษา เสียง เว้น สมาชิก คน เสียง เสียง คะแนน คะแนน เสียง ประธาน ประชุม เสียง เสียง เสียง ชี้ขาด', 'มติ วินิจฉัย ข้อ ปรึกษา เสียง เว้น เรื่อง พิเศษ สมาชิก คน เสียง คะแนน จำนวน เสียง คะแนน ประธาน ประชุม เสียง เสียง เสียง ชี้ขาด']",heuristic_keyword_rule,False,review_required,การตีความ/รัฐสภาสองสภา
14,36,14_พระราชอำนาจ_พระราชกฤษฎีกา_ขัด_อภัยโทษ,พระราชอำนาจ/พระราชกฤษฎีกา,"['พระราชอำนาจ', 'พระราชกฤษฎีกา', 'ขัด', 'อภัยโทษ', 'ตรา', 'พระมหากษัตริย์', 'พระราชอํานาจ', 'อัยย', 'พระราชทาน', 'กฎ']","['พระมหากษัตริย์ พระราชอำนาจ ตรา พระราชกฤษฎีกา ขัด', 'พระมหากษัตริย์ พระราชอำนาจ ตรา พระราชกฤษฎีกา ขัด', 'พระมหากษัตริย์ พระราชอำนาจ ตรา พระราชกฤษฎีกา ขัด']",heuristic_keyword_rule,True,review_required,พระราชอำนาจ/พระราชกฤษฎีกา [T14]
15,35,15_เสรีภาพ_หนังสือพิมพ์_จำกัด_สัญชาติ,สัญชาติ/คุณสมบัติเลือกตั้ง,"['เสรีภาพ', 'หนังสือพิมพ์', 'จำกัด', 'สัญชาติ', 'ราชอาณาจักร', 'บุคคล', 'ชื่อเสียง', 'เกียรติยศ', 'พิมพ์', 'สวัสดิภาพ']","['บุคคล เสรีภาพ พิมพ์ โฆษณา สื่อ ความหมาย วิธี จำกัด เสรีภาพ เว้น อาศัย อำนาจ รักษา มั่นคง รัฐ คุ้มครอง สิทธิ เสรีภาพ เกียรติยศ ชื่อเสียง บุคคล รักษา สงบเรียบร้อย ศีลธรรม ดี ประชาชน ป้องกัน ระงับ เสื่อมทราม จิตใจ สุขภาพ ประชาชน เจ้าของ กิจการ หนังสือพิมพ์ สื่อ มวล ชน บุคคล สัญชาติ ไทย เงื่อนไข เงิน ทรัพย์สิน อุดหนุน หนังสือพิมพ์ เอกชน รัฐ', 'บุคคล เสรีภาพ คิดเห็น พิมพ์ โฆษณา สื่อ ความหมาย วิธี จำกัด เสรีภาพ เว้น อาศัย อำนาจ รักษา มั่นคง รัฐ คุ้มครอง สิทธิ เสรีภาพ เกียรติยศ ชื่อเสียง สิทธิ ครอบครัว เป็นอยู่ ตัว บุคคล รักษา สงบเรียบร้อย ศีลธรรม ดี ประชาชน ป้องกัน ระงับ เสื่อมทราม จิตใจ สุขภาพ ประชาชน สั่ง โรง พิมพ์ ห้าม ทำ พิมพ์ บ่น รอน เสรีภาพ พิพากษา สั่ง ศาล เสนอ ข่าว หนังสือพิมพ์ วิทยุ กระจาย เสียง วิทยุ โทรทัศน์ เจ้าหน้าที่ ตรวจ โฆษณา เว้น เวลา ประเทศ ภาวะ รบ สงคราม เวลา สถานการณ์ ฉุกเฉิน กฎ อัยการศึก อาศัย อำนาจ ตรา สอง เจ้าของ กิจการ หนังสือพิมพ์ สื่อ มวล ชน บุคคล สัญชาติ ไทย เงิน ทรัพย์สิน อุดหนุน หนังสือพิมพ์ สื่อ มวล ชน เอกชน รัฐ', 'บุคคล เสรีภาพ คิดเห็น จำกัด เสรีภาพ เว้น อาศัย อำนาจ รักษา มั่นคง รัฐ คุ้มครอง สิทธิ เสรีภาพ เกียรติยศ ชื่อเสียง สิทธิ ครอบครัว เป็นอยู่ ตัว บุคคล รักษา สงบเรียบร้อย ศีลธรรม ดี ประชาชน ป้องกัน ระงับ เสื่อมทราม จิตใจ สุขภาพ ประชาชน สั่ง โรง พิมพ์ สถานีวิทยุ กระจาย เสียง สถานีวิทยุโทรทัศน์ ลิดรอน เสรีภาพ ข่าว บทความ เจ้าหน้าที่ ตรวจ โฆษณา หนังสือพิมพ์ สิ่งพิมพ์วิทยุ กระจาย เสียง วิทยุ โทรทัศน์ เว้น เวลา ประเทศ ภาวะ สงคราม รบ อาศัย อำนาจ ตรา สอง เจ้าของ กิจการ หนังสือพิมพ์ สื่อ มวล ชน บุคคล สัญชาติ ไทย เงิน ทรัพย์สิน อุดหนุน หนังสือพิมพ์ สื่อ มวล ชน เอกชน รัฐ']",heuristic_keyword_rule,True,review_required,สัญชาติ/คุณสมบัติเลือกตั้ง [T15]
16,35,16_งบ_จ่าย_นโยบาย_คลัง,งบประมาณ/การคลัง,"['งบ', 'จ่าย', 'นโยบาย', 'คลัง', 'รับผิดชอบ', 'แผ่นดิน', 'เงิน', 'โอน', 'บริหาร', 'ที่ปรึกษา']","['จ่าย เงิน แผ่นดิน อนุญาต งบ จ่าย วิธี งบ เกี่ยว โอน งบ เงิน คลัง เว้น รีบ ด่วน จ่าย หลัก เกณฑ์ วิธีการ งบ จ่าย ชดใช้ พระราชบัญญัติ โอน งบ จ่าย พระราชบัญญัติ งบ จ่าย พระราชบัญญัติ งบ จ่าย ประจำ ปี งบ ถัด', 'จ่าย เงิน แผ่นดิน อนุญาต งบ จ่าย วิธี งบ เกี่ยว โอน งบ เงิน คลัง เว้น รีบ ด่วน จ่าย หลัก เกณฑ์ วิธีการ งบ จ่าย ชดใช้ พระราชบัญญัติ โอน งบ จ่าย พระราชบัญญัติ งบ จ่าย พระราชบัญญัติ งบ จ่าย ประจำ ปี งบ ถัด', 'จ่าย เงิน แผ่นดิน กระทํา อนุญาต งบ จ่าย วิธี งบ เกี่ยว โอน งบ เงิน คลัง วินัย เงิน คลัง รัฐ เว้น จํา รีบ ด่วน จ่าย หลัก เกณฑ์ วิธีการ งบ จ่าย ชดใช้ พระราชบัญญัติ โอน งบ จ่าย พระราชบัญญัติ งบ จ่าย พระราชบัญญัติ งบ จ่าย ประจํา ปี งบ ถัด']",heuristic_keyword_rule,False,review_required,งบประมาณ/การคลัง
17,34,17_คุมขัง_อาญา_หา_จำเลย,คดีอาญา/สิทธิผู้ต้องหา,"['คุมขัง', 'อาญา', 'หา', 'จำเลย', 'คดี', 'ตัว', 'ประกัน', 'ศาล', 'ทนายความ', 'ค้น']","['บุคคล เสรีภาพ บริบูรณ์ ร่างกาย จับกุม คุมขัง ตรวจ ค้น ตัว บุคคล อาศัย อำนาจ จับกุม ตรวจ ค้น แจ้ง รายละเอียด สมควร ตรวจ ค้น ชักช้า คุมขัง สิทธิ ปรึกษา ทนายความ ตัว คุมขัง ตัว บุคคล คุมขัง ดี พนักงาน อัยการ บุคคล ประโยชน์ คุมขัง ดี ร้อง ศาล ท้องที่ อำนาจ พิจารณา คดี อาญา คุมขัง ชอบ ร้อง ศาล ดำเนิน ไต่สวน ด่วน ร้อง มูล ศาล อำนาจ สั่ง คุมขัง ตัว คุมขัง ศาล พลัน คุมขัง พอใจ ศาล คุมขัง ชอบ ศาล สั่ง ปล่อย ตัว คุมขัง', 'บุคคล เสรีภาพ ร่างกาย จับกุม กุม ขัง ตรวจ ค้น ตัว บุคคล เว้น อาศัย อำนาจ จับกุม ตรวจ ค้น แจ้ง ข้อ หา รายละเอียด สมควร จับกุม ตรวจ ค้น ชักช้า คุมขัง สิทธิ ปรึกษา ทนายความ ตัว แจ้ง ข้อ หา บุคคล หลักฐาน สมควร ข้อ หา คุมขัง ตัว บุคคล คุมขัง ดี พนักงาน อัยการ บุคคล ประโยชน์ คุมขัง สิทธิ ร้อง ศาล ท้องที่ อำนาจ พิจารณา คดี อาญา คุมขัง ชอบ ร้อง ศาล ดำเนิน ไต่สวน ด่วน ร้อง มูล ศาล อำนาจ สั่ง คุมขัง ตัว คุมขัง ศาล พลัน คุมขัง พอใจ ศาล คุมขัง ชอบ ศาล สั่ง ปล่อย ตัว คุมขัง', 'บุคคล เสรีภาพ ร่างกาย จับกุม คุมขัง ตรวจ ค้น ตัว บุคคล เว้น อาศัย อำนาจ จับกุม ตรวจ ค้น แจ้ง ข้อ หา รายละเอียด สมควร จับกุม ตรวจ ค้น ชักช้า คุมขัง สิทธิ ปรึกษา ทนายความ ตัว แจ้ง ข้อ หา บุคคล หลักฐาน สมควร ข้อ หา คุมขัง ตัว บุคคล คุมขัง ดี พนักงาน อัยการ บุคคล ประโยชน์ คุมขัง สิทธิ ร้อง ศาล ท้องที่ อำนาจ พิจารณา คดี อาญา คุมขัง ชอบ ร้อง ศาล ดำเนิน ไต่สวน ด่วน ร้อง มูล ศาล อำนาจ สั่ง คุมขัง ตัว คุมขัง ศาล พลัน คุมขัง พอใจ ศาล คุมขัง ชอบ ศาล สั่ง ปล่อย ตัว คุมขัง']",heuristic_keyword_rule,False,review_required,คดีอาญา/สิทธิผู้ต้องหา
18,34,18_เอกสิทธิ์_แถลง_เท็จจริง_คิดเห็น,เอกสิทธิ์การประชุมสภา,"['เอกสิทธิ์', 'แถลง', 'เท็จจริง', 'คิดเห็น', 'ประชุม', 'วิทยุ', 'ถ้อยคำ', 'โฆษณา', 'พิมพ์', 'ฟ้องร้อง']","['ประชุม วุฒิสภา ประชุม สภาผู้แทนราษฎร ดี ประชุม รัฐสภา ดี สมาชิก ถ้อยคำ แถลง ข้อ เท็จจริง คิดเห็น เสียง คะแนน เอกสิทธิ์ เด็ดขาด ฟ้องร้อง ว่ากล่าว สมาชิก เอกสิทธิ คุ้มครอง พิมพ์ โฆษณา รายงาน ประชุม ข้อ วุฒิสภา สภาผู้แทนราษฎร คุ้มครอง บุคคล ประธาน ประชุม อนุญาต แถลง ข้อ เท็จจริง คิดเห็น ประชุม', 'ประชุม วุฒิสภา ประชุม สภาผู้แทน ราษฎร ดี ประชุม รัฐสภา ดี สมาชิก ถ้อยคำ แถลง ข้อ เท็จจริง คิดเห็น ออกเสียง คะแนน เอกสิทธิ์ เด็ดขาด ฟ้องร้อง ว่ากล่าว สมาชิก เอกสิทธิ์ คุ้มครอง พิมพ์ โฆษณา รายงาน ประชุม สั่ง สภา คุ้มครอง บุคคล ประธาน ประชุม อนุญาต แถลง ข้อ เท็จจริง คิดเห็น ประชุม', 'ประชุม วุฒิสภา ประชุม สภาผู้แทน ประชุม รัฐสภา ดี สมาชิก ถ้อยคำ แถลง ข้อ เท็จจริง คิดเห็น ออกเสียง คะแนน เอกสิทธิ์ เด็ดขาด ฟ้องร้อง ว่ากล่าว สมาชิก เอกสิทธิ์ คุ้มครอง พิมพ์ โฆษณา รายงาน ประชุม สั่ง สภา คุ้มครอง บุคคล สภา เชิญ แถลง ข้อ เท็จจริง คิดเห็น ประชุม']",heuristic_keyword_rule,False,review_required,เอกสิทธิ์การประชุมสภา
19,34,19_เกษตรกร_แรงงาน_ส่งเสริม_มูลค่า,แรงงาน/เกษตรกร,"['เกษตรกร', 'แรงงาน', 'ส่งเสริม', 'มูลค่า', 'ผลิต', 'เกษตรกรรม', 'น้ำ', 'ที่ดิน', 'รัฐ', 'โรค']","['รัฐ ส่งเสริม ประชากร วัย ทำ งาน งาน ทำ อัตภาพ คุ้มครอง แรงงาน ระบบ แรงงาน สัมพันธ์ ค่า แรง ตอบแทน เป็นธรรม', 'รัฐ ดำเนินการ เกษตรกร กรรมสิทธิ์ สิทธิ ที่ดิน เกษตรกรรม ทั่วถึง ปฏิรูป ที่ดิน วิธี รัฐพึง คุ้มครอง รักษา ประโยชน์ เกษตรกร ผลิต จำหน่าย ผลิต วิธี ประกัน ราคา พยุง ราคา ระบบ ควบคุม ผลิต จำหน่าย เหมาะสม ต้องการ ตลาด วิธี ส่งเสริม เกษตรกร ตัว สหกรณ์ วิธี', 'รัฐ ดำเนินการ ประสิทธิภาพ เกษตรกร กรรมสิทธิ์ สิทธิ ที่ดิน ทั่วถึง เกษตรกรรม ปฏิรูป ที่ดิน รูป ที่ดิน วิธี รัฐ ดูแล น้ำ เกษตรกร เหมาะสม เกษตรกรรม รัฐพึง ส่งเสริม คุ้มครอง รักษา ประโยชน์ เกษตรกร ผลิต เก็บรักษา จำหน่าย ผลิต เกษตรกร ตอบแทน เป็นธรรม ส่งเสริม เกษตรกรรม ตัว รักษา ประโยชน์ สหกรณ์ วิธี']",heuristic_keyword_rule,False,review_required,แรงงาน/เกษตรกร
20,33,20_พระราชทาน_พระปรมาภิไธย_คืน_ถวาย,ร่างพระราชบัญญัติ/งบประมาณ,"['พระราชทาน', 'พระปรมาภิไธย', 'คืน', 'ถวาย', 'ราชกิจจานุเบกษา', 'ทูลเกล้า', 'พระราชบัญญัติ', 'นายก', 'ร่าง', 'เสมือน']","['ร่าง พระราชบัญญัติ พระมหากษัตริย์ ชอบ พระราชทาน คืน รัฐสภา พระราชทาน คืน เก้า สิบ รัฐสภา ปรึกษา ร่าง พระราชบัญญัติ รัฐสภา มติ เดิม คะแนน เสียง ต่ำ สอง สาม จำนวน สมาชิก สอง สภา นายก รัฐมนตรี ร่าง พระราชบัญญัติ ทูลเกล้า ถวาย พระมหากษัตริย์ พระปรมาภิไธย พระราชทาน มายา สาม สิบ พระราชบัญญัติ ราชกิจจานุเบกษา เสมือน พระราชบัญญัติ พระปรมาภิไธย', 'ร่าง พระราชบัญญัติ พระมหากษัตริย์ ชอบ พระราชทาน คืน รัฐสภา พ้น เก้า สิบ พระราชทาน คืน รัฐสภา ปรึกษา ร่าง พระราชบัญญัติ รัฐสภา มติ เดิม คะแนน เสียง สอง สาม จำนวน สมาชิก สอง สภา นายก รัฐมนตรี ร่าง พระราชบัญญัติ ทูลเกล้า ถวาย พระมหากษัตริย์ พระปรมาภิไธย พระราชทาน คืน สาม สิบ นายก รัฐมนตรี พระราชบัญญัติ ราชกิจจานุเบกษา เสมือน พระมหากษัตริย์ พระปรมาภิไธย', 'ร่าง พระราชบัญญัติ พระมหากษัตริย์ ชอบ พระราชทาน คืน รัฐสภา พ้น เก้า สิบ พระราชทาน คืน รัฐสภา ปรึกษา ร่าง พระราชบัญญัติ รัฐสภา มติ เดิม คะแนน เสียง สอง สาม จำนวน สมาชิก สอง สภา นายก รัฐมนตรี ร่าง พระราชบัญญัติ ทูลเกล้า ถวาย พระมหากษัตริย์ พระปรมาภิไธย พระราชทาน สาม สิบ นายก รัฐมนตรี พระราชบัญญัติ ราชกิจจานุเบกษา เสมือน พระมหากษัตริย์ พระปรมาภิไธย']",heuristic_keyword_rule,True,review_required,ร่างพระราชบัญญัติ/งบประมาณ [T20]
21,33,21_ปล่อย_สอบสวน_สั่ง_คดี,สอบสวน/ปล่อยตัว,"['ปล่อย', 'สอบสวน', 'สั่ง', 'คดี', 'ฟ้อง', 'สภา', 'อนุญาต', 'สมาชิก', 'ประชุม', 'ศาล']","['สมาชิก สภาผู้แทนราษฎร สมาชิก วุฒิสภา คุมขัง สอบสวน พิจารณา ประชุม ประชุม พนักงาน สอบสวน ศาล สั่ง ปล่อย ประธาน สภา สมาชิก ร้องขอ สั่ง ปล่อย สั่ง ปล่อย สุดท้าย ประชุม', 'ประชุม ห้าม คุมขัง หมาย ตัว สมาชิก สภาผู้แทนราษฎร สมาชิก วุฒิสภา ไปทําการ สอบสวน ฐานะ สมาชิก หา คดี อาญา เว้น อนุญาต สภา สมาชิก กระทํา สมาชิก สภาผู้แทนราษฎร สมาชิก วุฒิสภา กระทํา รายงาน ประธาน สภา สมาชิก พลัน ประธาน สภา สมาชิก สั่ง ปล่อย ฟ้อง สมาชิก สภาผู้แทนราษฎร สมาชิก วุฒิสภา คดี อาญา ฟ้อง ประชุม ศาล พิจารณา คดี ประชุม เว้น อนุญาต สภา สมาชิก คดี เกี่ยว พระราชบัญญัติ เลือกตั้ง สมาชิก สภาผู้แทนราษฎร สมาชิก วุฒิสภา พระราชบัญญัติ คณะกรรมการการเลือกตั้ง พระราชบัญญัติ พรรค เมือง พิจารณา คดี ขัดขวาง สมาชิก ประชุม สภา พิจารณา พิพากษา คดี ศาล กระทํา คํา อ้าง จํา สมาชิก สภา สภา สมาชิก สภาผู้แทนราษฎร สมาชิก วุฒิสภา คุมขัง สอบสวน พิจารณา ประชุม ประชุม พนักงาน สอบสวน ศาล สั่ง ปล่อย ประธาน สภา สมาชิก ร้องขอ คํา สั่ง ปล่อย สั่ง ปล่อย สุดท้าย ประชุม', 'ประชุม ห้าม คุมขัง หมาย ตัว สมาชิก สภาผู้แทนราษฎร สมาชิก วุฒิสภาไป สอบสวน ฐานะ สมาชิก หา คดี อาญา เว้น อนุญาต สภา สมาชิก กระทํา สมาชิก สภาผู้แทนราษฎร สมาชิก วุฒิสภา กระทํา รายงาน ประธาน สภา สมาชิก พลัน ประโยชน์ ประชุม สภา ประธาน สภา สมาชิก สั่ง ปล่อย ประชุม สภา สมาชิก สภาผู้แทนราษฎร สมาชิก วุฒิสภา คุมขัง สอบสวน พิจารณา ประชุม ประชุม พนักงาน สอบสวน ศาล สั่ง ปล่อย ประธาน สภา สมาชิก ร้องขอ ศาล สั่ง ประกัน ประกัน หลัก ประกัน ฟ้อง สมาชิก สภาผู้แทนราษฎร สมาชิก วุฒิสภา คดี อาญา ฟ้อง ประชุม ศาล พิจารณา คดี ประชุม ขัดขวาง สมาชิก ประชุม สภา']",heuristic_keyword_rule,False,review_required,สอบสวน/ปล่อยตัว
22,33,22_กรรมาธิการ_ร่าง_ปฏิรูป_พระราชบัญญัติ,ร่างพระราชบัญญัติ/งบประมาณ,"['กรรมาธิการ', 'ร่าง', 'ปฏิรูป', 'พระราชบัญญัติ', 'คณะ', 'ชอบ', 'ชาติ', 'สภา', 'ยับยั้ง', 'พิจารณา']","['154 วุฒิสภา พิจารณาร่าง พระราชบัญญัติ 1 ชอบ สภาผู้แทนราษฎร ดำเนิน 98 2 ชอบ สภาผู้แทนราษฎร ยับยั้ง ร่าง พระราชบัญญัติ ร่าง พระราชบัญญัติ คืน สภาผู้แทนราษฎร 3 ร่าง พระราชบัญญัติ สภาผู้แทนราษฎร สภา สอง บุคคล สมาชิก สภา จำนวน สภาผู้แทนราษฎร คณะ กรรมาธิการ พิจารณา ร่าง พระราชบัญญัติ คณะ กรรมาธิการ รายงาน เสนอ ร่าง พระราชบัญญัติ คณะ กรรมาธิการ พิจารณา สภา สอง สภา สอง ชอบ ร่าง พระราชบัญญัติ คณะ กรรมาธิการ พิจารณา ดำเนิน 98 สภา สภา ชอบ ยับยั้ง ร่าง พระราชบัญญัติ คณะ กรรมาธิการ อำนาจ เอกสาร บุคคล บุคคล แถลง ข้อ เท็จจริง คิดเห็น พิจารณาร่าง พระราชบัญญัติ เอกสิทธิ์ 135 คุ้มครอง บุคคล ประชุม คณะ กรรมาธิการ กรรมาธิการ ประชุม กึ่ง จำนวน กรรมาธิการ องค์ประชุม ข้อ ประชุม สภาผู้แทนราษฎร เกี่ยว กรรมาธิการ อนุโลม', '133 วุฒิสภา พิจารณาร่าง พระราชบัญญัติ 1 ชอบ สภาผู้แทนราษฎร ดำเนิน 77 2 ชอบ สภาผู้แทนราษฎร ยับยั้ง ร่าง พระราชบัญญัติ ร่าง พระราชบัญญัติ คืน สภาผู้แทนราษฎร 3 ร่าง พระราชบัญญัติ สภาผู้แทนราษฎร สภา สอง บุคคล สมาชิก สภา จำนวน สภาผู้แทนราษฎร คณะ กรรมาธิการ พิจารณา ร่าง พระราชบัญญัติ คณะ กรรมาธิการ รายงาน เสนอ ร่าง พระราชบัญญัติ คณะ กรรมาธิการ พิจารณา สภา สอง สภา สอง ชอบ ร่าง พระราชบัญญัติ คณะ กรรมาธิการ พิจารณา ดำเนิน 77 สภา สภา ชอบ ยับยั้ง ร่าง พระราชบัญญัติ คณะ กรรมาธิการ เอกสาร บุคคล บุคคล แถลง ข้อ เท็จจริง คิดเห็น พิจารณา ร่าง พระราชบัญญัติ เอกสิทธิ์ 114 คุ้มครอง บุคคล ประชุม คณะ กรรมาธิการ กรรมาธิการ ประชุม กึ่ง จำนวน กรรมาธิการ องค์ประชุม ข้อ ประชุม สภาผู้แทนราษฎร เกี่ยว กรรมาธิการ อนุโลม', '180 วุฒิสภา พิจารณาร่าง พระราชบัญญัติ ร่าง พระราชบัญญัติ 1 ชอบ สภาผู้แทนราษฎร ดำเนิน 93 2 ชอบ สภาผู้แทนราษฎร ยับยั้ง ร่าง พระราชบัญญัติ ร่าง พระราชบัญญัติ ร่าง พระราชบัญญัติ ร่าง พระราชบัญญัติ คืน สภาผู้แทนราษฎร 3 ร่าง พระราชบัญญัติ ร่าง พระราชบัญญัติ สภาผู้แทนราษฎร สภาผู้แทนราษฎร ชอบ ดำเนิน 93 สภา บุคคล สมาชิก สภา จำนวน สภาผู้แทนราษฎร คณะ กรรมาธิการ พิจารณา ร่าง พระราชบัญญัติ ร่าง พระราชบัญญัติ คณะ กรรมาธิการ รายงาน เสนอ ร่าง พระราชบัญญัติ ร่าง พระราชบัญญัติ คณะ กรรมาธิการ พิจารณา สภา สอง สภา สอง ชอบ ร่าง พระราชบัญญัติ ร่าง พระราชบัญญัติ คณะ กรรมาธิการ พิจารณา ดำเนิน 93 สภา สภา ชอบ ยับยั้ง ร่าง พระราชบัญญัติ ร่าง พระราชบัญญัติ คณะ กรรมาธิการ เอกสาร บุคคล บุคคล แถลง ข้อ เท็จจริง คิดเห็น พิจารณาร่าง พระราชบัญญัติ ร่าง พระราชบัญญัติ เอกสิทธิ์ 157 158 คุ้มครอง บุคคล ประชุม คณะ กรรมาธิการ กรรมาธิการ สภา สอง ประชุม กึ่ง จำนวน กรรมาธิการ องค์ประชุม 194 อนุโลม']",heuristic_keyword_rule,True,review_required,ร่างพระราชบัญญัติ/งบประมาณ [T22]
23,32,23_ระบอบ_ประชาธิปไตย_ประมุข_ปกครอง,ระบอบประชาธิปไตย,"['ระบอบ', 'ประชาธิปไตย', 'ประมุข', 'ปกครอง', 'อันมีพระมหากษัตริย์ทรงเป็นประมุข', 'ประเทศไทย', 'ศาสนา', 'พระมหากษัตริย์', 'รักษา', 'เอกราช']","['ประเทศไทย ปกครอง ระบอบ ประชาธิปไตย พระมหากษัตริย์ ประมุข', 'ประเทศไทย ปกครอง ระบอบ ประชาธิปไตย พระมหากษัตริย์ ประมุข', 'บุคคล รักษา ชาติ ศาสนา พระมหากษัตริย์ ปกครอง ระบอบ ประชาธิปไตย อันมีพระมหากษัตริย์ทรงเป็นประมุข']",heuristic_keyword_rule,False,review_required,ระบอบประชาธิปไตย
24,32,24_อภิปราย_ทั่วไป_ไว้วางใจ_ปัญหา,อภิปรายไม่ไว้วางใจ,"['อภิปราย', 'ทั่วไป', 'ไว้วางใจ', 'ปัญหา', 'ญัตติ', 'มติ', 'ฟัง', 'รัฐมนตรี', 'แจ้ง', 'ชื่อ']","['สมาชิก สภาผู้แทนราษฎร จำนวน ห้า จำนวน สมาชิก สภาผู้แทนราษฎร สิทธิ ชื่อ เสนอ ญัตติ อภิปราย ทั่วไป คณะ รัฐมนตรี แถลง ข้อ เท็จจริง คิดเห็น ปัญหา เกี่ยว บริหาร ราชการ แผ่นดิน ญัตติ ยื่น ประธาน สภาผู้แทน ราษฎร ประธาน สภาผู้แทนราษฎร แจ้ง นายก รัฐมนตรี เวลา สำหรับ อภิปราย ทั่วไป สาม สิบ นายก รัฐมนตรี แจ้ง คณะ รัฐมนตรี สิทธิ ระงับ อภิปราย ทั่วไป เรื่อง เกี่ยว ปลอด ภัย ประโยชน์ แผ่นดิน อภิปราย ทั่วไป สภา มติ ปัญหา อภิปราย', 'สมาชิก สภาผู้แทนราษฎร จำนวน ห้า จำนวน สมาชิก สภาผู้แทนราษฎร สิทธิ ชื่อ เสนอ ญัตติ อภิปราย ทั่วไป มติ ไว้วางใจ รัฐมนตรี บุคคล คณะ อภิปราย ทั่วไป สิ้นสุด มติ วาระ อภิปราย สภาผู้แทนราษฎร มติ ไว้วางใจ วางใจ มติ ถัด อภิปราย สิ้นสุด มติ ไว้วางใจ คะแนน เสียง กึ่ง จำนวน สมาชิก สภาผู้แทนราษฎร มติ ไว้วางใจ คะแนน เสียง กึ่ง จำนวน สมาชิก สภาผู้แทนราษฎร สมาชิก สภาผู้แทนราษฎร ชื่อ เสนอ ญัตติ อภิปราย สิทธิ ชื่อ เสนอ ญัตติ อภิปราย ทั่วไป มติ ไว้วางใจ รัฐมนตรี บุคคล คณะ ประชุม', 'สมาชิก สภาผู้แทนราษฎร จำนวน ห้า จำนวน สมาชิก สภาผู้แทนราษฎร สิทธิ ชื่อ เสนอ ญัตติ อภิปราย ทั่วไป มติ วางใจ รัฐมนตรี ตัว คณะ อภิปราย ทั่วไป สิ้นสุด มติ วาระ อภิปราย สภาผู้แทนราษฎร มติ ไว้วางใจ ไว้วางใจ มติ อภิปราย สิ้นสุด มติ ไว้วางใจ คะแนน เสียง กึ่ง จำนวน สมาชิก สภา มติ ไว้วางใจ คะแนน เสียง กึ่ง จำนวน สมาชิก สภา สมาชิก สภาผู้แทนราษฎร ชื่อ เสนอ ญัตติ อภิปราย สิทธิ ชื่อ เสนอ ญัตติ อภิปราย ทั่วไป มติ ไว้วางใจ รัฐมนตรี ตัว คณะ ประชุม']",heuristic_keyword_rule,False,review_required,อภิปรายไม่ไว้วางใจ
25,32,25_ประชุม_ลับ_จำนวน_ต่ำ,ประชุมลับ,"['ประชุม', 'ลับ', 'จำนวน', 'ต่ำ', 'องค์ประชุม', 'สภา', 'ร้องขอ', 'องค์', 'กรรมาธิการ', 'กึ่ง']","['ประชุม วุฒิสภา ประชุม สภาผู้แทนราษฎร ประชุม รัฐสภา ลักษณะ ข้อ ประชุม สภา คณะ รัฐมนตรี สมาชิก สภา สมาชิก สอง สภา จำนวน สี่ จำนวน สมาชิก สภา สอง สภา ร้องขอ ประชุม ลับ ประชุม ลับ', 'ประชุม วุฒิสภา ประชุม สภาผู้แทนราษฎร ประชุม รัฐสภา ลักษณะ ข้อ ประชุม สภา คณะ รัฐมนตรี สมาชิก สภา สมาชิก สอง สภา จำนวน สี่ จำนวน สมาชิก สภา จำนวน สมาชิก สอง สภา ร้องขอ ประชุม ลับ ประชุม ลับ', 'ประชุม วุฒิสภา ประชุม สภาผู้แทนราษฎร ประชุม รัฐสภา ลักษณะ ข้อ ประชุม สภา คณะ รัฐมนตรี สมาชิก สภา สมาชิก สอง สภา จำนวน สี่ จำนวน สมาชิก สภา จำนวน สมาชิก สอง สภา ร้องขอ ประชุม ลับ ประชุม ลับ']",heuristic_keyword_rule,False,review_required,ประชุมลับ
26,31,26_ค้าน_แต่งตั้ง_สภานิติบัญญัติแห่งชาติ_สังกัด,คณะปฏิวัติ/รัฐประหาร,"['ค้าน', 'แต่งตั้ง', 'สภานิติบัญญัติแห่งชาติ', 'สังกัด', 'ตำแหน่ง', 'รัฐมนตรี', 'พรรค', 'นาม', 'รับสนอง', 'คณะมนตรีความมั่นคงแห่งชาติ']","['คณะ รัฐมนตรี ไว้วางใจ สภาผู้แทนราษฎร 184 พระมหากษัตริย์ แต่งตั้ง สมาชิก สภาผู้แทนราษฎร หัวหน้า พรรค เมือง สภาผู้แทนราษฎร สมาชิก สภาผู้แทนราษฎร สังกัด ดำรง ตำแหน่ง รัฐมนตรี จำนวน พรรค เมือง สมาชิก สภาผู้แทนราษฎร สังกัด ดำรง ตำแหน่ง รัฐมนตรี ห้า จำนวน สมาชิก สภา ค้าน สภาผู้แทนราษฎร ประธาน สภาผู้แทนราษฎร นาม รับสนอง พระบรมราชโองการ แต่งตั้ง ค้าน สภาผู้แทนราษฎร ค้าน สภาผู้แทนราษฎร พ้น ตำแหน่ง คุณสมบัติ ว รรค 130 อนุโลม พระมหากษัตริย์ แต่งตั้ง ค้าน สภาผู้แทนราษฎร แทน ตำแหน่ง ว่าง', 'คณะ รัฐมนตรี บริหาร ราชการ แผ่นดิน พระมหากษัตริย์ แต่งตั้ง สมาชิก สภาผู้แทนราษฎร หัวหน้า พรรค เมือง สภาผู้แทนราษฎร สมาชิก สังกัด พรรค ดำรง ตำแหน่ง รัฐมนตรี จำนวน พรรค เมือง สมาชิก สังกัด ดำรง ตำแหน่ง รัฐมนตรี ห้า จำนวน สมาชิก สภา แทน ราษฎร แต่งตั้ง ค้าน สภาผู้แทนราษฎร พรรค เมือง สภาผู้แทนราษฎร ลักษณะ สมาชิก สภาผู้แทนราษฎร หัวหน้า พรรค เมือง เสียง สนับสนุน สมาชิก สภาผู้แทนราษฎร พรรค เมือง สมาชิก สังกัด พรรค ดำรง ตำแหน่ง รัฐมนตรี ค้าน สภา แทน ราษฎร เสียง สนับสนุน ประธาน สภาผู้แทนราษฎร นาม รับสนอง พระบรมราชโองการ แต่งตั้ง ค้าน สภาผู้แทนราษฎร ค้าน สภาผู้แทนราษฎร พ้น ตำแหน่ง คุณสมบัติ หรือว รรค สอง 152 อนุโลม พระมหากษัตริย์ แต่งตั้ง ค้าน สภาผู้แทนราษฎร แทน ตำแหน่ง ว่าง', 'คณะ รัฐมนตรี บริหาร ราชการ แผ่นดิน พระมหากษัตริย์ แต่งตั้ง สมาชิก สภาผู้แทนราษฎร หัวหน้า พรรค เมือง สภาผู้แทนราษฎร สมาชิก สภาผู้แทนราษฎร สังกัด ดำรง ตำแหน่ง รัฐมนตรี จำนวน พรรค เมือง สมาชิก สภาผู้แทนราษฎร สังกัด ดำรง ตำแหน่ง รัฐมนตรี ห้า จำนวน สมาชิก สภาผู้แทนราษฎร แต่งตั้ง ค้าน สภาผู้แทนราษฎร พรรค เมือง สภาผู้แทนราษฎร ลักษณะ สมาชิก สภาผู้แทนราษฎร หัวหน้า พรรค เมือง เสียง สนับสนุน สมาชิก สภาผู้แทนราษฎร พรรค เมือง สมาชิก สภาผู้แทนราษฎร สังกัด ดำรง ตำแหน่ง รัฐมนตรี ค้าน สภาผู้แทนราษฎร เสียง สนับสนุน วิธี สลาก ประธาน สภาผู้แทนราษฎร นาม รับสนอง พระบรมราชโองการ แต่งตั้ง ค้าน สภาผู้แทนราษฎร ค้าน สภาผู้แทนราษฎร พ้น ตำแหน่ง คุณสมบัติ หรือว รรค สอง 126 อนุโลม พระมหากษัตริย์ แต่งตั้ง ค้าน สภาผู้แทนราษฎร แทน ตำแหน่ง ว่าง 4 สภา สอง']",heuristic_keyword_rule,False,review_required,คณะปฏิวัติ/รัฐประหาร
27,30,27_นายก_รัฐมนตรี_รับสนอง_นาม,ครม./นายกรัฐมนตรี,"['นายก', 'รัฐมนตรี', 'รับสนอง', 'นาม', 'แต่งตั้ง', 'คน', 'พระบรมราชโองการ', 'ชาติ', 'พระมหากษัตริย์', 'แผ่นดิน']","['พระมหากษัตริย์ นายก รัฐมนตรี คน รัฐมนตรี สาม สิบ คน คณะ รัฐมนตรี บริหาร ราชการ แผ่นดิน นายก รัฐมนตรี สมาชิก สภาผู้แทนราษฎร รัฐมนตรี กึ่ง จำนวน รัฐมนตรี สมาชิก วุฒิสภา สมาชิก สภาผู้แทนราษฎร ประธาน รัฐสภา นาม รับสนอง พระบรมราชโองการ นายก รัฐมนตรี', 'พระมหากษัตริย์ แต่งตั้ง นายก รัฐมนตรี คน รัฐมนตรี สี่ สิบ แปด คน คณะ รัฐมนตรี บริหาร ราชการ แผ่นดิน ประธาน สภาผู้แทนราษฎร นาม รับสนอง พระบรมราชโองการ แต่งตั้ง นายก รัฐมนตรี', 'พระมหากษัตริย์ แต่งตั้ง นายก รัฐมนตรี คน สาม สิบ คน คณะ รัฐมนตรี บริหาร ราชการ แผ่นดิน ประธาน รัฐสภา นาม รับสนอง พระบรมราชโองการ แต่งตั้ง นายก รัฐมนตรี']",heuristic_keyword_rule,False,review_required,ครม./นายกรัฐมนตรี
28,28,28_สมัคร_เลือกตั้ง_บัญชี_พรรค,เลือกตั้ง/พรรคการเมือง,"['สมัคร', 'เลือกตั้ง', 'บัญชี', 'พรรค', 'เขต', 'เมือง', 'ชื่อ', 'คะแนน', 'สัดส่วน', 'แบ่ง']","['พรรค เมือง สมัคร เลือกตั้ง แบ่ง เขต เลือกตั้ง สิทธิ สมัคร เลือกตั้ง บัญชี ชื่อ สมัคร เลือกตั้ง บัญชี ชื่อ พรรค เมือง บัญชี ชื่อ พรรค บัญชี สมัคร เลือกตั้ง พรรค เมือง ซ้ํา ซ้ํา ชื่อ สมัคร เลือกตั้ง แบ่ง เขต เลือกตั้ง บัญชี ชื่อ คณะ กรรมการการเลือกตั้ง สมัคร เลือกตั้ง สมาชิก สภาผู้แทนราษฎร แบ่ง เขต เลือกตั้ง บัญชี ชื่อ สอง สมาชิก พรรค เมือง พิจารณา คํานึง สมัคร เลือกตั้ง ภูมิภาค เท่าเทียม ชาย หญิง', 'คํานวณหา สมาชิก สภาผู้แทนราษฎร บัญชี ชื่อ พรรค เมือง ดําเนิน หลักเกณฑ์ 1 คะแนน ประเทศ พรรค เมือง พรรค สมัคร เลือกตั้ง บัญชี ชื่อ เลือกตั้ง แบ่ง เขต เลือกตั้ง หาร ห้า ร้อย จํานวน สมาชิก สภาผู้แทนราษฎร 2 ผลลัพธ์ 1 ไปหาร จํานวน คะแนน ประเทศ พรรค เมือง พรรค เลือกตั้ง สมาชิก สภาผู้แทนราษฎร แบ่ง เขต เลือกตั้ง เขต จํานวน จํานวน สมาชิก สภาผู้แทนราษฎร พรรค เมือง 3 นําจํานวน สมาชิก สภาผู้แทนราษฎร พรรค เมือง 2 ลบ จํานวน สมาชิก สภาผู้แทนราษฎร แบ่ง เขต เลือกตั้ง พรรค เมือง เลือกตั้ง เขต เลือกตั้ง ผลลัพธ์ จํานวน สมาชิก สภาผู้แทนราษฎร บัญชี ชื่อ พรรค เมือง 4 พรรค เมือง เลือกตั้ง สมาชิก สภาผู้แทนราษฎร แบ่ง เขต เลือกตั้ง จํานวน สมาชิก สภาผู้แทนราษฎร พรรค เมือง 2 พรรค เมือง สมาชิก สภาผู้แทนราษฎร จํานวน เลือกตั้ง แบ่ง เขต เลือกตั้ง สิทธิ จัดสรร สมาชิก สภาผู้แทนราษฎร บัญชี ชื่อ นําจํานวน สมาชิก สภาผู้แทนราษฎร บัญชี ชื่อ จัดสรร พรรค เมือง จํานวน สมาชิก สภาผู้แทนราษฎร แบ่ง เขต เลือกตั้ง ต่ํา จํานวน สมาชิก สภาผู้แทนราษฎร พรรค เมือง 2 อัตรา พรรค เมือง สมาชิก สภาผู้แทนราษฎร จํานวน 2 5 จํานวน เลือกตั้ง บัญชี ชื่อ พรรค เมือง สมัคร เลือกตั้ง ลํา ดับ หมายเลข บัญชี ชื่อ สมาชิก สภาผู้แทนราษฎร บัญชี ชื่อ พรรค เมือง เลือกตั้ง สมาชิก สภาผู้แทนราษฎร สมัคร เลือกตั้ง ตาย สมัคร เลือกตั้งแต่ เวลา คะแนน เลือกตั้ง คะแนน คะแนน คํานวณ 1 2 คะแนน หลัก เกณฑ์ วิธี การคํานวณ อัตรา เลือกตั้ง พระราชบัญญัติ เลือกตั้ง สมาชิก สภาผู้แทนราษฎร', 'เลือกตั้ง สมาชิก สภาผู้แทนราษฎร สัดส่วน เลือกตั้ง สมาชิก สภาผู้แทนราษฎร บัญชี ชื่อ พรรค เมือง สิทธิ เลือกตั้ง เขต เลือกตั้ง สิทธิ เสียง คะแนน เลือก พรรค เมือง บัญชี ชื่อ สมัคร เลือกตั้ง เขต เลือกตั้ง เสียง พรรค เมือง สมัคร เลือกตั้ง สัดส่วน เขต เลือกตั้ง เขต เลือกตั้ง บัญชี ชื่อ สมัคร เลือกตั้ง สัดส่วน พรรค เมือง ยื่น เลือกตั้ง ผลทํา บัญชี ชื่อ พรรค เมือง จํานวน สมัคร เลือกตั้ง สัดส่วน จํานวน พรรค เมือง ยื่น บัญชี ชื่อ พรรค เมือง จํานวน สมัคร เลือกตั้ง สัดส่วน สภาผู้แทนราษฎร สมาชิก สภาผู้แทนราษฎร']",heuristic_keyword_rule,False,review_required,เลือกตั้ง/พรรคการเมือง
29,28,29_อัยการศึก_กฎ_ฉุกเฉิน_ชุมนุม,ภาวะฉุกเฉิน/อัยการศึก,"['อัยการศึก', 'กฎ', 'ฉุกเฉิน', 'ชุมนุม', 'รบ', 'ภาวะ', 'สาธารณะ', 'สงคราม', 'สถานการณ์', 'เวลา']","['บุคคล เสรีภาพ ชุมนุม สงบ ปราศจาก อาวุธ จำกัด เสรีภาพ เว้น อาศัย อำนาจ ชุมนุม สาธารณะ คุ้มครอง สะดวก ประชาชน สาธารณะ รักษา สงบเรียบร้อย เวลา ประเทศ ภาวะ รบ สงคราม เวลา สถานการณ์ ฉุกเฉิน กฎ อัยการศึก', 'บุคคล เสรีภาพ ชุมนุม สงบ ปราศจาก อาวุธ จำกัด เสรีภาพ เว้น อาศัย อำนาจ ชุมนุม สาธารณะ คุ้มครอง สะดวก ประชาชน สาธารณะ รักษา สงบเรียบร้อย เวลา ประเทศ ภาวะ รบ สงคราม เวลา สถานการณ์ ฉุกเฉิน กฎ อัยการศึก', 'บุคคล เสรีภาพ ชุมนุม สงบ ปราศจาก อาวุธ จำกัด เสรีภาพ เว้น อาศัย อำนาจ ชุมนุม สาธารณะ คุ้มครอง สะดวก ประชาชน สาธารณะ รักษา สงบเรียบร้อย เวลา ประเทศ ภาวะ รบ สงคราม เวลา สถานการณ์ ฉุกเฉิน กฎ อัยการศึก']",heuristic_keyword_rule,False,review_required,ภาวะฉุกเฉิน/อัยการศึก
30,27,30_สภาผู้แทน_เท่าเทียม_เสมอ_ศิลปะ,30_สภาผู้แทน_เท่าเทียม_เสมอ_ศิลปะ,"['สภาผู้แทน', 'เท่าเทียม', 'เสมอ', 'ศิลปะ', 'วัฒนธรรม', 'สังคมสงเคราะห์', 'ส่งเสริม', 'รักษา', 'ประธาน', 'สนับสนุน']","['บุคคล เสมอ คุ้มครอง เท่าเทียม', 'บุคคล เสมอ คุ้มครอง เท่าเทียม', 'บุคคล เสมอ คุ้มครอง เท่าเทียม']",bertopic_default,False,unlabeled_default_review_required,30_สภาผู้แทน_เท่าเทียม_เสมอ_ศิลปะ
31,27,31_นานา_สัมพันธไมตรี_เสมอภาค_ส่งเสริม,ความสัมพันธ์ระหว่างประเทศ,"['นานา', 'สัมพันธไมตรี', 'เสมอภาค', 'ส่งเสริม', 'ยุติธรรม', 'ประเทศ', 'รัฐ', 'สังคมสงเคราะห์', 'โลก', 'สันติสุข']","['รัฐ ส่งเสริม สัมพันธไมตรี นานา ประเทศ หลัก เสมอภาค', 'รัฐ ส่งเสริม สัมพันธไมตรี นานา ประเทศ หลัก เสมอภาค', 'รัฐ ส่งเสริม สัมพันธไมตรี นานา ประเทศ หลัก เสมอภาค']",heuristic_keyword_rule,False,review_required,ความสัมพันธ์ระหว่างประเทศ
32,26,32_คดี_ฐาน_โทษ_ศาล,32_คดี_ฐาน_โทษ_ศาล,"['คดี', 'ฐาน', 'โทษ', 'ศาล', 'หนัก', 'พิพากษา', 'หา', 'พิจารณา', 'สำหรับ', 'ธรรมนูญ']","['ศาล พิจารณา พิพากษา คดี คดี คดี ข้อ หา ฐาน ฐาน แทน ศาล สำหรับ พิจารณา พิพากษา คดี', 'ศาล พิจารณา พิพากษา คดี คดี คดี ข้อ หา ฐาน ฐาน แทน ศาล สำหรับ พิจารณา พิพากษา คดี', 'ศาล พระราชบัญญัติ ศาล พิจารณา พิพากษา คดี คดี คดี ข้อ หา ฐาน ฐาน แทน ศาล สำหรับ พิจารณา พิพากษา คดี']",bertopic_default,False,unlabeled_default_review_required,32_คดี_ฐาน_โทษ_ศาล
33,25,33_สัญชาติ_บ้าน_ไทย_สมัคร,สัญชาติ/คุณสมบัติเลือกตั้ง,"['สัญชาติ', 'บ้าน', 'ไทย', 'สมัคร', 'ทะเบียน', 'เลือกตั้ง', 'คุณสมบัติ', 'ต่ำ', 'ปี', 'ติดต่อ']","['บุคคล คุณสมบัติ สิทธิ สมัคร เลือกตั้ง 1 สัญชาติ ไทย บุคคล สัญชาติ ไทย บิดา คน ด้าว คุณสมบัติ เลือกตั้ง สมาชิก สภาผู้แทนราษฎร 2 อายุ ต่ำ ยี่ สิบ ห้า ปี บริบูรณ์ เลือกตั้ง 3 สมาชิก พรรค เมือง สมาชิก สมัคร เลือกตั้ง 106 พรรค เมือง 115 สอง พรรค เมือง พรรค เมือง พรรค 4 ลักษณะ ก ชื่อ ทะเบียน บ้าน จังหวัด สมัคร เลือกตั้ง เวลา ติดต่อ ร้อยแปด สิบ สมัคร เลือกตั้ง ข สมาชิก สภาผู้แทนราษฎร จังหวัด สมัคร เลือกตั้ง สมาชิก สภา ท้องถิ่น บริหาร ท้องถิ่น จังหวัด ค บุคคล จังหวัด สมัคร เลือกตั้ง ง ศึกษา เวลา ติดต่อ สอง ปี ศึกษา สถาน ศึกษา จังหวัด สมัคร เลือกตั้ง', 'บุคคล คุณสมบัติ สิทธิ เลือกตั้ง 1 สัญชาติ ไทย บุคคล สัญชาติ ไทย แปลง สัญชาติ สัญชาติ ไทย สิบ ปี 2 อายุ ต่ำ ยี่ สิบ ปี บริบูรณ์ 1 มกราคม ปี เลือกตั้ง 3 ชื่อ ทะเบียน บ้าน เขต เลือกตั้ง', 'บุคคล คุณสมบัติ สิทธิ สมัคร เลือกตั้ง 1 สัญชาติ ไทย บุคคล สัญชาติ ไทย บิดา คน ด้าว คุณสมบัติ เลือกตั้ง สมาชิก สภาผู้แทนราษฎร 2 อายุ ต่ำ ยี่ สิบ ห้า ปี บริบูรณ์ เลือกตั้ง 3 สมาชิก พรรค เมือง สมาชิก สมัคร เลือกตั้ง 112 พรรค เมือง 121 สอง พรรค เมือง พรรค เมือง พรรค 4 ลักษณะ ก ชื่อ ทะเบียน บ้าน จังหวัด สมัคร เลือกตั้ง เวลา ติดต่อ ปี สมัคร เลือกตั้ง ข สมาชิก สภาผู้แทนราษฎร จังหวัด สมัคร เลือกตั้ง สมาชิก สภา ท้องถิ่น บริหาร ท้องถิ่น จังหวัด ค บุคคล จังหวัด สมัคร เลือกตั้ง ง ศึกษา สถาน ศึกษา จังหวัด สมัคร เลือกตั้ง เวลา ติดต่อ สอง ปี ศึกษา จ ราชการ ชื่อ ทะเบียน บ้าน จังหวัด สมัคร เลือกตั้ง เวลา ติดต่อ สอง ปี']",heuristic_keyword_rule,True,review_required,สัญชาติ/คุณสมบัติเลือกตั้ง [T33]
34,24,34_ปลัด_พลเรือน_กระทรวง_พ้น,34_ปลัด_พลเรือน_กระทรวง_พ้น,"['ปลัด', 'พลเรือน', 'กระทรวง', 'พ้น', 'อธิบดี', 'เทียบเท่า', 'พระราชอัธยาศัย', 'ตำแหน่ง', 'ทหาร', 'ตาย']","['พระมหากษัตริย์ แต่งตั้ง ราชการ ทหาร พลเรือน ตำแหน่ง ปลัด กระทรวง อธิบดี เทียบเท่า พ้น ตำแหน่ง', 'พระมหากษัตริย์ แต่งตั้ง ราชการ ทหาร พลเรือน ตำแหน่ง ปลัด กระทรวง อธิบดี เทียบเท่า พ้น ตำแหน่ง', 'พระมหากษัตริย์ แต่งตั้ง ราชการ ทหาร พลเรือน ตำแหน่ง ปลัด กระทรวง อธิบดี เทียบเท่า พ้น ตำแหน่ง เว้น พ้น ตำแหน่ง ตาย']",bertopic_default,False,unlabeled_default_review_required,34_ปลัด_พลเรือน_กระทรวง_พ้น
35,24,35_ครอบครัว_อบรม_บุคคล_เงื่อนไข,35_ครอบครัว_อบรม_บุคคล_เงื่อนไข,"['ครอบครัว', 'อบรม', 'บุคคล', 'เงื่อนไข', 'ศึกษา', 'คุ้มครอง', 'ประถม', 'สงวน', 'ตํา', 'แหน่ง']","['สิทธิ บุคคล ครอบครัว คุ้มครอง', 'สิทธิ บุคคล ครอบครัว คุ้มครอง', 'สิทธิ บุคคล ครอบครัว คุ้มครอง']",bertopic_default,False,unlabeled_default_review_required,35_ครอบครัว_อบรม_บุคคล_เงื่อนไข
36,24,36_ประธาน_รอง_รัฐสภา_กิจการ,ประธาน/รองประธานสภา,"['ประธาน', 'รอง', 'รัฐสภา', 'กิจการ', 'มอบหมาย', 'อำนาจ', 'แทน', 'ดำเนิน', 'ทำ', 'วุฒิสภา']","['ประธาน สภาผู้แทนราษฎร ประธาน รัฐสภา ประธาน วุฒิสภา รอง ประธาน รัฐสภา ประธาน สภาผู้แทนราษฎร ประธาน สภาผู้แทนราษฎร ประธาน รัฐสภา ประธาน วุฒิสภา ทำ ประธาน รัฐสภา แทน ประธาน รัฐสภา อำนาจ ดำเนิน กิจการ รัฐสภา ประชุม ข้อ ประธาน รัฐสภา ทำ แทน ประธาน รัฐสภา วาง กลาง รอง ประธาน รัฐสภา อำนาจ ประธาน รัฐสภา มอบหมาย', 'ประธาน วุฒิสภา ประธาน รัฐสภา ประธาน สภา แทน ราษฎร รอง ประธาน รัฐสภา ประธาน วุฒิสภา ประธาน วุฒิสภา ประธาน รัฐสภา ประธาน สภาผู้แทนราษฎร ทำ ประธาน รัฐสภา แทน ประธาน รัฐสภา อำนาจ ดำเนิน กิจการ รัฐสภา ประชุม ข้อ รอง ประธาน รัฐสภา อำนาจ ประธาน รัฐสภา มอบหมาย', 'ประธาน สภาผู้แทนราษฎร ประธาน รัฐสภา ประธาน วุฒิสภา รอง ประธาน รัฐสภา ประธาน สภาผู้แทนราษฎร ประธาน สภาผู้แทนราษฎร ประธาน รัฐสภา ประธาน วุฒิสภา ทำ ประธาน รัฐสภา แทน ประธาน รัฐสภา อำนาจ ดำเนิน กิจการ รัฐสภา ประชุม ข้อ รอง ประธาน รัฐสภา อำนาจ ประธาน รัฐสภา มอบหมาย']",heuristic_keyword_rule,True,review_required,ประธาน/รองประธานสภา [T36]
37,23,37_ตุลาการ_แต่งตั้ง_เลือกตั้ง_ดำเนิน,37_ตุลาการ_แต่งตั้ง_เลือกตั้ง_ดำเนิน,"['ตุลาการ', 'แต่งตั้ง', 'เลือกตั้ง', 'ดำเนิน', 'สิบ', 'หมาย', 'ทั่วไป', 'ประเภท', 'สภาผู้', 'ในวรรค']","['เลือกตั้ง ทั่วไป รัฐสภา แต่งตั้ง ตุลาการ คุณวุฒิ สาม สิบ ประชุม รัฐสภา หมาย ประชุม แต่งตั้ง ตุลาการ รัฐสภา แต่งตั้ง พ้น ตำแหน่ง ตุลาการ', 'เลือกตั้ง ทั่วไป รัฐสภา แต่งตั้ง ตุลาการ คุณวุฒิ สาม สิบ ประชุม รัฐสภา หมาย ประชุม แต่งตั้ง ตุลาการ รัฐสภา แต่งตั้ง พ้น ตำแหน่ง ตุลาการ', 'เลือกตั้ง ทั่วไป รัฐสภา แต่งตั้ง ตุลาการ คุณวุฒิ สาม สิบ ประชุม รัฐสภา หมาย ประชุม แต่งตั้ง ตุลาการ ในวรรค รัฐสภา แต่งตั้ง พ้น ตำแหน่ง ตุลาการ']",bertopic_default,False,unlabeled_default_review_required,37_ตุลาการ_แต่งตั้ง_เลือกตั้ง_ดำเนิน
38,23,38_ยุบ_พระราชกฤษฎีกา_เลือกตั้ง_ราชอาณาจักร,พระราชอำนาจ/พระราชกฤษฎีกา,"['ยุบ', 'พระราชกฤษฎีกา', 'เลือกตั้ง', 'ราชอาณาจักร', 'สิ้นสุด', 'ทั่วไป', 'เหตุการณ์', 'อายุ', 'สภาผู้แทนราษฎร', 'ต้องกํา']","['พระมหากษัตริย์ พระราชอำนาจ ยุบ สภาผู้แทนราษฎร เลือกตั้ง สมาชิก สภาผู้แทนราษฎร ยุบ สภาผู้แทนราษฎร พระราชกฤษฎีกา เลือกตั้ง สมาชิก สภาผู้แทนราษฎร เลือกตั้ง ทั่วไป เก้า สิบ เลือกตั้ง ราชอาณาจักร ยุบ สภาผู้แทนราษฎร เหตุการณ์', 'พระมหากษัตริย์ พระราชอำนาจ ยุบ สภาผู้แทนราษฎร เลือกตั้ง สมาชิก สภาผู้แทนราษฎร ยุบ สภาผู้แทนราษฎร พระราชกฤษฎีกา เลือกตั้ง สมาชิก สภาผู้แทนราษฎร เลือกตั้ง ทั่วไป หก สิบ เลือกตั้ง ราชอาณาจักร ยุบ สภาผู้แทนราษฎร เหตุการณ์', 'พระมหากษัตริย์ พระราชอำนาจ ยุบ สภาผู้แทนราษฎร เลือกตั้ง สมาชิก สภาผู้แทนราษฎร ยุบ สภาผู้แทนราษฎร พระราชกฤษฎีกา เลือกตั้ง สมาชิก สภาผู้แทนราษฎร เลือกตั้ง ทั่วไป หก สิบ เลือกตั้ง ราชอาณาจักร ยุบ สภาผู้แทนราษฎร เหตุการณ์']",heuristic_keyword_rule,True,review_required,พระราชอำนาจ/พระราชกฤษฎีกา [T38]
39,23,39_รอง_ประธาน_สภา_คน,ประธาน/รองประธานสภา,"['รอง', 'ประธาน', 'สภา', 'คน', 'มติ', 'สภาผู้', 'ประชุม', 'พระมหากษัตริย์', 'วุฒิสภา', 'แต่งตั้ง']","['สภาผู้แทนราษฎร วุฒิสภา สภา ประธาน สภา คน รอง ประธาน คน สอง คน พระมหากษัตริย์ แต่งตั้ง สมาชิก สภา มติ สภา', 'วุฒิสภา สภาผู้แทนราษฎร สภา ประธาน สภา คน รอง ประธาน คน สอง คน พระมหากษัตริย์ แต่งตั้ง สมาชิก สภา มติ สภา', 'วุฒิสภา สภาผู้แทนราษฎร สภา ประธาน สภา คน รอง ประธาน คน สอง คน พระมหากษัตริย์ แต่งตั้ง สมาชิก สภา มติ สภา']",heuristic_keyword_rule,True,review_required,ประธาน/รองประธานสภา [T39]
40,22,40_องคมนตรี_นาม_พระราชกรณียกิจ_รับสนอง,องคมนตรี,"['องคมนตรี', 'นาม', 'พระราชกรณียกิจ', 'รับสนอง', 'แต่งตั้ง', 'พระราชอัธยาศัย', 'พ้น', 'พระบรมราชโองการ', 'เลือก', 'ปวง']","['เลือก แต่งตั้ง องคมนตรี องคมนตรี พ้น ตำแหน่ง พระราชอัธยาศัย ประธาน รัฐสภา นาม รับสนอง พระบรมราชโองการ แต่งตั้ง ประธาน องคมนตรี ประธาน องคมนตรี พ้น ตำแหน่ง ประธาน องคมนตรี นาม รับสนอง พระบรมราชโองการ แต่งตั้ง องคมนตรี องคมนตรี พ้น ตำแหน่ง', 'พระมหากษัตริย์ เลือก แต่งตั้ง ประธาน องคมนตรี คน องคมนตรี สิบ แปด คน คณะ องคมนตรี เลือก แต่งตั้ง พ้น ตำแหน่ง ประธาน องคมนตรี องคมนตรี พระราชอัธยาศัย ประธาน สภานิติบัญญัติแห่งชาติ นาม รับสนอง พระบรมราชโองการ แต่งตั้ง ประธาน องคมนตรี ประธาน องคมนตรี นาม รับสนอง พระบรมราชโองการ แต่งตั้ง องคมนตรี', 'พระมหากษัตริย์ เลือก แต่งตั้ง คุณวุฒิ ประธาน องคมนตรี คน องคมนตรี สิบ สี่ คน คณะ องคมนตรี คณะ องคมนตรี ถวาย พระมหากษัตริย์ พระราชกรณียกิจ ปวง พระมหากษัตริย์ ปรึกษา เลือก แต่งตั้ง องคมนตรี องคมนตรี พ้น ตำแหน่ง พระราชอัธยาศัย ประธาน สภา ปฏิรูปการปกครอง แผ่นดิน นาม สนอง พระบรมราชโองการ แต่งตั้ง ประธาน องคมนตรี ประธาน องคมนตรี พ้น ตำแหน่ง ประธาน องคมนตรี นาม รับสนอง พระบรมราชโองการ แต่งตั้ง องคมนตรี องคมนตรี พ้น ตำแหน่ง']",heuristic_keyword_rule,False,review_required,องคมนตรี
41,22,41_พระราชบัญญัติ_ร่าง_จ่าย_เงิน,ร่างพระราชบัญญัติ/งบประมาณ,"['พระราชบัญญัติ', 'ร่าง', 'จ่าย', 'เงิน', 'พิจารณาร่าง', 'งบ', 'เกี่ยว', 'วุฒิสภา', 'เสนอ', 'ว']","['146 สภาผู้แทนราษฎร พิจารณาร่าง พระราชบัญญัติ เสนอ 139 มติ ชอบ สภาผู้แทนราษฎร เสนอ ร่าง พระราชบัญญัติ วุฒิสภา วุฒิสภา พิจารณา ร่าง พระราชบัญญัติ เสนอ หก สิบ ร่าง พระราชบัญญัติ ร่าง พระราชบัญญัติ เกี่ยว เงิน พิจารณา สาม สิบ เว้น วุฒิสภา มติ ขยาย เวลา พิเศษ สาม สิบ หมาย ประชุม ร่าง พระราชบัญญัติ วุฒิสภา เวลา ว รรค เวลา พิจารณา คณะตุลาการรัฐธรรมนูญ 143 วุฒิสภา พิจารณาร่าง พระราชบัญญัติ เวลา ว รรค วุฒิสภา ชอบ ร่าง พระราช สภาผู้แทนราษฎร เสนอ ร่าง พระราชบัญญัติ เกี่ยว เงิน วุฒิสภา ประธาน สภาผู้แทนราษฎร แจ้ง ร่าง พระราชบัญญัติ เสนอ ร่าง พระราชบัญญัติ เกี่ยว เงิน แจ้ง ประธาน สภาผู้แทนราษฎร เด็ดขาด ประธาน สภาผู้แทนราษฎร แจ้ง ร่าง พระราชบัญญัติ ร่าง พระราชบัญญัติ เกี่ยว เงิน ร่าง พระราชบัญญัติ ร่าง พระราชบัญญัติ เกี่ยว เงิน', '133 สภาผู้แทนราษฎร พิจารณาร่าง พระราชบัญญัติ เสนอ 126 มติ ชอบ สภาผู้แทนราษฎร เสนอ ร่าง พระราชบัญญัติ วุฒิสภา วุฒิสภา พิจารณา ร่าง พระราชบัญญัติ เสนอ หก สิบ ร่าง พระราชบัญญัติ ร่าง พระราชบัญญัติ เกี่ยว เงิน พิจารณา สาม สิบ เว้น สภาผู้แทนราษฎร มติ ขยาย เวลา พิเศษ หมาย ประชุม ร่าง พระราชบัญญัติ วุฒิสภา เวลา ว รรค เวลา พิจารณา คณะตุลาการรัฐธรรมนูญ 130 วุฒิสภา พิจารณาร่าง พระราชบัญญัติ เวลา ว รรค วุฒิสภา ชอบ ร่าง พระราชบัญญัติ สภาผู้แทนราษฎร เสนอ ร่าง พระราชบัญญัติ เกี่ยว เงิน วุฒิสภา ประธาน สภาผู้แทนราษฎร แจ้ง ร่าง พระราชบัญญัติ เสนอ ร่าง พระราชบัญญัติ เกี่ยว เงิน แจ้ง ประธาน สภาผู้แทนราษฎร เด็ดขาด ประธาน สภาผู้แทนราษฎร แจ้ง ร่าง พระราชบัญญัติ ร่าง พระราชบัญญัติ เกี่ยว เงิน ร่าง พระราชบัญญัติ ร่าง พระราชบัญญัติ เกี่ยว เงิน', '180 สภาผู้แทนราษฎร พิจารณาร่าง พระราชบัญญัติ ร่าง พระราชบัญญัติ เสนอ 172 มติ ชอบ สภา แทน ราษฎร เสนอ ร่าง พระราชบัญญัติ ร่าง พระราชบัญญัติ วุฒิสภา วุฒิสภา พิจารณา ร่าง พระราชบัญญัติ ร่าง พระราชบัญญัติ เสนอ หก สิบ ร่าง พระราชบัญญัติ ร่าง พระราชบัญญัติ ร่าง พระราช เกี่ยว เงิน พิจารณา สาม สิบ เว้น วุฒิสภา มติ ขยาย เวลา พิเศษ สาม สิบ หมาย ประชุม ร่าง พระราชบัญญัติ ร่าง พระราชบัญญัติ วุฒิสภา เวลา ว รรค เวลา พิจารณา ศาล 177 วุฒิสภา พิจารณาร่าง พระราชบัญญัติ ร่าง พระราชบัญญัติ เวลา ว รรค วุฒิสภา ชอบ ร่าง พระราชบัญญัติ ร่าง พระราชบัญญัติ สภาผู้แทนราษฎร เสนอ ร่าง พระราชบัญญัติ เกี่ยว เงิน วุฒิสภา ประธาน สภาผู้แทนราษฎร แจ้ง ร่าง พระราชบัญญัติ ร่าง พระราชบัญญัติ เสนอ ร่าง พระราชบัญญัติ เกี่ยว เงิน แจ้ง ประธาน สภาผู้แทนราษฎร เด็ดขาด ประธาน สภาผู้แทนราษฎร แจ้ง ร่าง พระราชบัญญัติ ร่าง พระราชบัญญัติ ร่าง พระราชบัญญัติ เกี่ยว เงิน ร่าง พระราชบัญญัติ ร่าง พระราชบัญญัติ ร่าง พระราชบัญญัติ เกี่ยว เงิน']",heuristic_keyword_rule,True,review_required,ร่างพระราชบัญญัติ/งบประมาณ [T41]
42,22,42_อากร_ภาษี_อุตสาหกรรม_สนับสนุน,42_อากร_ภาษี_อุตสาหกรรม_สนับสนุน,"['อากร', 'ภาษี', 'อุตสาหกรรม', 'สนับสนุน', 'สมาชิกภาพ', 'เกษตรกรรม', 'สหกรณ์', 'ผลิต', 'ค้า', 'ส่งเสริม']","['บุคคล ภาษี อากร', 'บุคคล ภาษี อากร', 'บุคคล ภาษี อากร']",bertopic_default,False,unlabeled_default_review_required,42_อากร_ภาษี_อุตสาหกรรม_สนับสนุน
43,21,43_ท้องถิ่น_สัญญา_หนังสือ_บริหาร,ลงคะแนน/ประชามติ,"['ท้องถิ่น', 'สัญญา', 'หนังสือ', 'บริหาร', 'ประเทศ', 'กระทบ', 'มนุษยชน', 'ปกครอง', 'องค์กร', 'ประชามติ']","['พระมหากษัตริย์ พระราชอํานาจ หนังสือ สัญญา สันติภาพ สัญญา สงบ ศึก สัญญา นานา ประเทศ องค์การ ประเทศ หนังสือ สัญญา อาณาเขต ไทย เขต พื้นที่ อาณาเขต ประเทศไทย สิทธิ อธิปไตย เขตอํานาจ หนังสือ สัญญา ประเทศ พระราชบัญญัติ ให้การ หนังสือ สัญญา หนังสือ สัญญา กระทบ มั่นคง เศรษฐกิจ สังคม ค้า ทุน ประเทศ ชอบ รัฐสภา รัฐสภา พิจารณา หก สิบ เรื่อง รัฐสภา พิจารณา กํา หนด เวลา รัฐสภา ชอบ หนังสือ สัญญา กระทบ มั่นคง เศรษฐกิจ สังคม ค้า ทุน ประเทศ สอง หนังสือ สัญญา เกี่ยว ค้า เสรี เขต ศุลกากร ทรัพยากร ธรรมชาติ ประเทศ สูญเสีย สิทธิ ทรัพยากร ธรรมชาติ หนังสือ สัญญา กฎ หมายกําหนด วิธี ประชาชน คิดเห็น เยียวยา จํา กระทบ หนังสือ สัญญา ตามวรรค สาม ปัญหา หนังสือ สัญญา สอง หรือว รรค สาม คณะ รัฐมนตรี ศาลรัฐธรรมนูญ วินิจฉัย ศาลรัฐธรรมนูญ วินิจฉัย สาม สิบ คําขอ', 'พระมหากษัตริย์ พระราชอํานาจ หนังสือ สัญญา สันติภาพ สัญญา สงบ ศึก สัญญา นานา ประเทศ องค์การ ประเทศ หนังสือ สัญญา อาณาเขต ไทย เขต พื้นที่ อาณาเขต ประเทศไทย สิทธิ อธิปไตย เขตอํานาจ หนังสือ สัญญา ประเทศ พระราชบัญญัติ ให้การ หนังสือ สัญญา กระทบ มั่นคง เศรษฐกิจ สังคม ประเทศ ผูกพัน ค้า ทุน งบ ประเทศ นัย สําคัญ ชอบ รัฐสภา รัฐสภา พิจารณา หก สิบ เรื่อง ดําเนิน หนังสือ สัญญา นานา ประเทศ องค์การ ประเทศ สอง คณะ รัฐมนตรี ข้อมูล รับฟัง คิดเห็น ประชาชน ชี้แจง รัฐสภา เกี่ยว หนังสือ สัญญา คณะ รัฐมนตรีเสนอก รอบ เจรจา รัฐสภา ชอบ นาม หนังสือ สัญญา สอง เจตนา ผูกพัน คณะ รัฐมนตรี ประชาชน รายละเอียด หนังสือ สัญญา หนังสือ สัญญา ก่อ กระทบ ประชาชน ขนาด กลาง ขนาด คณะ รัฐมนตรี ต้องดําเนิน เยียวยา กระทบ เหมาะสม เป็นธรรม กําหนด ขั้นตอน วิธี หนังสือ สัญญา กระทบ มั่นคง เศรษฐกิจ สังคม ประเทศ ผูกพัน ค้า ทุน นัย สําคัญ เยียวยา กระทบ หนังสือ สัญญา คํานึง เป็นธรรม ประโยชน์ กระทบ หนังสือ สัญญา ประชาชน ทั่วไป ปัญหา สอง อํานาจ ศาลรัฐธรรมนูญ วินิจฉัย ชี้ขาด 154 1 เสนอ เรื่อง ศาลรัฐธรรมนูญ อนุโลม', 'ยกเลิก 190 แทน 190 พระมหากษัตริย์ พระราชอํานาจ หนังสือ สัญญา สันติภาพ สัญญา สงบ ศึก สัญญา นานา ประเทศ องค์การ ประเทศ หนังสือ สัญญา อาณาเขต ไทย เขต พื้นที่ อาณาเขต ประเทศไทย สิทธิ อธิปไตย เขตอํานาจ หนังสือ สัญญา ประเทศ พระราชบัญญัติ ให้การ หนังสือ สัญญา กระทบ มั่นคง เศรษฐกิจ สังคม ประเทศ ผูกพัน ค้า ทุน งบ ประเทศ นัย สําคัญ ชอบ รัฐสภา รัฐสภา พิจารณา หก สิบ เรื่อง ดําเนิน หนังสือ สัญญา นานา ประเทศ องค์การ ประเทศ สอง คณะ รัฐมนตรี ข้อมูล รับฟัง คิดเห็น ประชาชน ชี้แจง รัฐสภา เกี่ยว หนังสือ สัญญา คณะ รัฐมนตรีเสนอก รอบ เจรจา รัฐสภา ชอบ นาม หนังสือ สัญญา สอง เจตนา ผูกพัน คณะ รัฐมนตรี ประชาชน รายละเอียด หนังสือ สัญญา หนังสือ สัญญา ก่อ กระทบ ประชาชน ขนาด กลาง ขนาด คณะ รัฐมนตรี ต้องดําเนิน เยียวยา กระทบ เหมาะสม เป็นธรรม กําหนด ประเภท กรอบ เจรจา ขั้นตอน วิธี หนังสือ สัญญา กระทบ มั่นคง เศรษฐกิจ สังคม ประเทศ ผูกพัน ค้า ทุน งบ ประเทศ นัย สําคัญ เยียวยา กระทบ หนังสือ สัญญา คํานึง เป็นธรรม ประโยชน์ กระทบ หนังสือ สัญญา ประชาชน ทั่วไป ปัญหา สอง อํานาจ ศาลรัฐธรรมนูญ วินิจฉัย ชี้ขาด 154 1 เสนอ เรื่อง ศาลรัฐธรรมนูญ อนุโลม']",heuristic_keyword_rule,True,review_required,ลงคะแนน/ประชามติ [T43]
44,21,44_ประชุม_อนุโลม_ข้อ_ปรึกษา,ถวายสัตย์ปฏิญาณ,"['ประชุม', 'อนุโลม', 'ข้อ', 'ปรึกษา', 'รัฐสภา', 'พฤฒสภา', 'สภาผู้', 'ปฏิญาณ', 'วุฒิสภา', 'แทน']","['ประชุม รัฐสภา ข้อ ประชุม ปรึกษา วุฒิสภา อนุโลม', 'ประชุม รัฐสภา ข้อ ประชุม ปรึกษา วุฒิสภา อนุโลม', 'ประชุม รัฐสภา ข้อ ประชุม ปรึกษา วุฒิสภา อนุโลม']",heuristic_keyword_rule,True,review_required,ถวายสัตย์ปฏิญาณ [T44]
45,20,45_วาระ_เสียง_คะแนน_ญัตติ,ลงคะแนน/ประชามติ,"['วาระ', 'เสียง', 'คะแนน', 'ญัตติ', 'จำนวน', 'สอง', 'สาม', 'ประชามติ', 'ออกเสียง', 'พิจารณา']","['หลัก เกณฑ์ วิธี 1 ญัตติ คณะ รัฐมนตรี สมาชิก สภาผู้แทนราษฎร จำนวน ห้า จำนวน สมาชิก สภาผู้แทนราษฎร 2 ญัตติ เสนอ ร่าง รัฐสภา พิจารณา สามวาระ 3 เสียง คะแนน วาระ หลักการ วิธี ชื่อ คะแนน เสียง ชอบ กึ่ง จำนวน สมาชิก สอง สภา 4 เสียง คะแนน วาระ สอง พิจารณา เรียง ลำดับ เสียง 5 พิจารณา วาระ สอง รอ สิบ ห้า พ้น รัฐสภา พิจารณา วาระ สาม 6 เสียง คะแนน วาระ สาม สุดท้าย วิธี ชื่อ คะแนน เสียง ชอบ กึ่ง จำนวน สมาชิก สอง สภา 7 มติ ร่าง ทูลเกล้าฯ ถวาย 98 99 อนุโลม', 'หลัก เกณฑ์ วิธีการ 1 ญัตติ คณะ รัฐมนตรี สมาชิก สภาผู้แทนราษฎร จำนวน สาม จำนวน สมาชิก สภาผู้แทนราษฎร สมาชิก วุฒิสภา สมาชิก สภาผู้แทนราษฎร จำนวน สาม จำนวน สมาชิก สอง สภา สมาชิก สภาผู้แทนราษฎร เสนอ เสนอ ญัตติ พรรค เมือง สมาชิก สภาผู้แทนราษฎร สังกัด มติ เสนอ 2 ญัตติ เสนอ ร่าง รัฐสภา พิจารณา สามวาระ 3 เสียง คะแนน วาระ หลักการ วิธี ชื่อ คะแนน คะแนน เสียง ชอบ กึ่ง จำนวน สมาชิก สอง สภา 4 เสียง คะแนน วาระ สอง พิจารณา เรียง ลำดับ เสียง 5 พิจารณา วาระ สอง รอ สิบ ห้า พ้น รัฐสภา พิจารณา วาระ สาม 6 เสียง คะแนน วาระ สาม สุดท้าย วิธี ชื่อ คะแนน คะแนน เสียง ชอบ กึ่ง จำนวน สมาชิก สอง สภา 7 มติ ร่าง ทูลเกล้า ฯ ถวาย 93 94 อนุโลม กาล', 'หลัก เกณฑ์ วิธีการ 1 ญัตติ คณะ รัฐมนตรี สมาชิก สภาผู้แทนราษฎร จำนวน สาม จำนวน สมาชิก สภาผู้แทนราษฎร สมาชิก วุฒิสภา สมาชิก สภาผู้แทนราษฎร จำนวน สาม จำนวน สมาชิก สอง สภา สมาชิก สภาผู้แทน ราษฎร เสนอ เสนอ ญัตติ พรรค เมือง สมาชิก สภาผู้แทนราษฎร สังกัด มติ เสนอ 2 ญัตติ เสนอ ร่าง รัฐ ธรรมนูญ รัฐสภา พิจารณา 3 เสียง คะแนน วาระ หลักการ วิธี ชื่อ คะแนน คะแนน เสียง ชอบ กึ่ง จำนวน สมาชิก สอง สภา 4 เสียง คะแนน วาระ สอง พิจารณา เรียง ลำดับ เสียง 5 พิจารณา วาระ สอง รอ สิบ ห้า พ้น รัฐสภา พิจารณา วาระ สาม 6 เสียง คะแนน วาระ สาม สุดท้าย วิธี ชื่อ คะแนน คะแนน เสียง ชอบ กึ่ง จำนวน สมาชิก สอง สภา 7 มติ ร่าง ทูลเกล้า ฯ ถวาย 88 89 อนุโลม']",heuristic_keyword_rule,True,review_required,ลงคะแนน/ประชามติ [T45]
46,20,46_เงิน_กู้_พระราชบัญญัติ_ร่าง,ร่างพระราชบัญญัติ/งบประมาณ,"['เงิน', 'กู้', 'พระราชบัญญัติ', 'ร่าง', 'เกี่ยว', 'เสนอ', 'ผ่อน', 'สงสัย', 'ลด', 'เงินตรา']","['ร่าง พระราชบัญญัติ เสนอ คณะ รัฐมนตรี สมาชิก สภาผู้แทนราษฎร ร่าง พระราชบัญญัติ เกี่ยว เงิน สมาชิก สภาผู้แทนราษฎร เสนอ ต่อเมื่อ นายก รัฐมนตรี เสนอ ร่าง พระราชบัญญัติ สมาชิก สภาผู้แทนราษฎร พรรค เมือง สมาชิก สภาผู้แทนราษฎร สังกัด มติ เสนอ สมาชิก สภาผู้แทนราษฎร พรรค เมือง ยี่ สิบ คน ร่าง พระราชบัญญัติ เกี่ยว เงิน หมาย ร่าง พระราชบัญญัติ ข้อความ ข้อ ข้อ 1 ยกเลิก ลด ผ่อน วาง เกี่ยว ภาษี อากร 2 จัดสรร รักษา จ่าย เงิน แผ่นดิน โอน งบ จ่าย แผ่นดิน 3 หน่วย งาน งบ จ่าย แผ่นดิน 4 กู้ เงิน ค้ำประกัน เงิน กู้ 5 เงินตรา สงสัย ร่าง พระราชบัญญัติ ร่าง พระราชบัญญัติ เกี่ยว เงิน นายก รัฐมนตรี อำนาจ ประธาน สภาผู้แทนราษฎร วินิจฉัย', 'ร่าง พระราชบัญญัติ เสนอ คณะ รัฐมนตรี สมาชิก สภาผู้แทนราษฎร ร่าง พระราชบัญญัติ เกี่ยว เงิน สมาชิก สภาผู้แทนราษฎร เสนอ ต่อเมื่อ นายก รัฐมนตรี เสนอ ร่าง พระราชบัญญัติ สมาชิก สภาผู้แทนราษฎร พรรค เมือง สมาชิก สภาผู้แทนราษฎร สังกัด มติ เสนอ สมาชิก สภาผู้แทนราษฎร พรรค เมือง ยี่ สิบ คน ร่าง พระราชบัญญัติ เกี่ยว เงิน หมาย ร่าง พระราชบัญญัติ ข้อความ ข้อ ข้อ 1 ยกเลิก ลด ผ่อน วาง เกี่ยว ภาษี อากร 2 จัดสรร รักษา จ่าย เงิน แผ่นดิน โอน งบ จ่าย แผ่นดิน 3 กู้ เงิน ค้ำประกัน เงิน กู้ 4 เงินตรา สงสัย ร่าง พระราชบัญญัติ ร่าง พระราชบัญญัติ เกี่ยว เงิน นายก รัฐมนตรี อำนาจ ประธาน สภาผู้แทนราษฎร วินิจฉัย', 'ร่าง พระราชบัญญัติ เสนอ คณะ รัฐมนตรี สมาชิก สภาผู้แทนราษฎร ร่าง พระราชบัญญัติ เกี่ยว เงิน สมาชิก สภาผู้แทนราษฎร เสนอ ต่อเมื่อ นายก รัฐมนตรี เสนอ ร่าง พระราชบัญญัติ สมาชิก สภาผู้แทนราษฎร พรรค เมือง สมาชิก สภาผู้แทนราษฎร สังกัด มติ เสนอ สมาชิก สภาผู้แทนราษฎร พรรค เมือง ยี่ สิบ คน ร่าง พระราชบัญญัติ เกี่ยว เงิน หมาย ร่าง พระราชบัญญัติ ข้อความ ข้อ ข้อ 1 ยกเลิก ลด ผ่อน วาง เกี่ยว ภาษี อากร 2 จัดสรร รักษา จ่าย เงิน แผ่นดิน โอน งบ จ่าย แผ่นดิน 3 หน่วย งาน งบ จ่าย 4 กู้ เงิน ค้ำประกัน เงิน กู้ 5 เงินตรา สงสัย ร่าง พระราชบัญญัติ ร่าง พระราชบัญญัติ เกี่ยว เงิน นายก รัฐมนตรี อำนาจ ประธาน สภาผู้แทนราษฎร วินิจฉัย']",heuristic_keyword_rule,True,review_required,ร่างพระราชบัญญัติ/งบประมาณ [T46]
47,20,47_สั่ง_รักษาความ_สงบแห่ง_หัวหน้า,47_สั่ง_รักษาความ_สงบแห่ง_หัวหน้า,"['สั่ง', 'รักษาความ', 'สงบแห่ง', 'หัวหน้า', 'ชาติ', 'ทำลาย', 'นายก', 'สั่งการ', 'นิติบัญญัติ', 'กระทํา']","['คณะ รัฐมนตรี นายก รัฐมนตรี ประโยชน์ ป้องกัน ระงับ ปราบปราม บ่อน ทำลาย มั่นคง ราชอาณาจักร ราชบัลลังก์ เศรษฐกิจ ประเทศ ราชการ แผ่นดิน ก่อกวน คุกคาม สงบเรียบร้อย ศีลธรรม ดี ประชาชน ทำลาย ทรัพยากร ประเทศ บั่นทอน สุขภาพ อนามัย ประชาชน ราชอาณาจักร นายก รัฐมนตรี ชอบ คณะ รัฐมนตรี สถานโยบายแห่ง ชาติ อำนาจ สั่งการ สั่ง นายก รัฐมนตรี สั่ง สั่ง ชอบ นายก รัฐมนตรี สั่งการ นายก รัฐมนตรี แจ้ง รัฐสภา ทราบ พ้น เวลา สั่ง นายก รัฐมนตรี ยกเลิก สั่ง ตรา พระราชบัญญัติ', 'หัวหน้า คณะ รักษาความ สงบแห่ง ชาติ จําเป็น ประโยชน์ ปฏิรูป ส่งเสริม สามัคคี สมานฉันท์ ประชาชน ชาติ ป้องกัน ระงับ ปราบปรามการ กระทํา บ่อน ทําลาย สงบเรียบร้อย มั่นคง ชาติ ราชบัลลังก์ เศรษฐกิจ ประเทศ ราชการ แผ่นดิน ราชอาณาจักร หัวหน้า คณะ รักษาความ สงบแห่ง ชาติ ชอบ คณะ รักษาความ สงบแห่ง ชาติมีอํานาจ สั่งการ ระงับ ยับยั้ง กระทํา กระทํา นิติบัญญัติ บริหาร ตุลาการ คํา สั่ง กระทํา คํา สั่ง คํา สั่ง กระทํา ชอบ ด ําเนิน รายงาน ประธาน สภานิติบัญญัติแห่งชาติ นายก รัฐมนตรี ทราบ', 'คํา สั่ง คณะ รักษาความ สงบแห่ง ชาติ คํา สั่ง หัวหน้า คณะ รักษาความ สงบแห่ง ชาติ สั่ง 22 พฤษภาคม 2557 คณะ รัฐมนตรี สั่ง นิติบัญญัติ บริหาร ตุลาการ คํา สั่ง คํา สั่ง กระทํา คํา สั่ง ชอบ ชอบ คํา สั่ง กฎ ข้อ มติ คณะ รัฐมนตรี คํา สั่ง ยกเลิก คณะ รักษาความ สงบแห่ง ชาติ คํา สั่ง บุคคล ดํารงตําแหน่ง พ้น ตําแหน่ง ระบุ 24 นายก รัฐมนตรีนํา กราบบังคมทูล แต่งตั้ง บุคคล นั้นดํารงตําแหน่ง บุคคล พ้น ตําแหน่ง']",bertopic_default,False,unlabeled_default_review_required,47_สั่ง_รักษาความ_สงบแห่ง_หัวหน้า
48,20,48_ช่วยเหลือ_ท่องเที่ยว_การกีฬา_เรื่องราว,การร้องเรียน/ทุกข์,"['ช่วยเหลือ', 'ท่องเที่ยว', 'การกีฬา', 'เรื่องราว', 'ทุกข์', 'ศาสตร์', 'ชิคภาพ', 'ส่งเสริม', 'ศิลปวิทยา', 'สภาชิกภาพ']","['บุคคล ช่วยเหลือ ราชการ', 'บุคคล ช่วยเหลือ ราชการ', 'บุคคล ช่วยเหลือ ราชการ']",heuristic_keyword_rule,False,review_required,การร้องเรียน/ทุกข์
49,20,49_สื่อสาร_เคหสถาน_ครอบครอง_อาศัย,49_สื่อสาร_เคหสถาน_ครอบครอง_อาศัย,"['สื่อสาร', 'เคหสถาน', 'ครอบครอง', 'อาศัย', 'ติดต่อ', 'ตรวจ', 'บุคคล', 'ปราศจาก', 'เสรีภาพ', 'ปกติสุข']","['บุคคล เสรีภาพ เคหสถาน บุคคล คุ้มครอง อาศัย ครอบครอง เคหสถาน ปกติสุข เคหสถาน ปราศจาก ยินยอม ครอบครอง ตรวจ ค้นเคหสถาน เว้น อาศัย อำนาจ', 'บุคคล เสรีภาพ เคหสถาน บุคคล คุ้มครอง อาศัย ครอบครอง เคหสถาน ปกติสุข เคหสถาน ปราศจาก ยินยอม ครอบครอง ตรวจ ค้นเคหสถาน เว้น อาศัย อำนาจ', 'บุคคล เสรีภาพ เคหสถาน บุคคล คุ้มครอง อาศัย ครอบครอง เคหสถาน ปกติสุข เคหสถาน ปราศจาก ยินยอม ครอบครอง ตรวจ ค้นเคหสถาน เว้น อาศัย อำนาจ']",bertopic_default,False,unlabeled_default_review_required,49_สื่อสาร_เคหสถาน_ครอบครอง_อาศัย
50,20,50_พระราชหัตถเลขา_พระบรมราชโองการ_นาม_รับสนอง,50_พระราชหัตถเลขา_พระบรมราชโองการ_นาม_รับสนอง,"['พระราชหัตถเลขา', 'พระบรมราชโองการ', 'นาม', 'รับสนอง', 'แผ่นดิน', 'เกี่ยว', 'พระบรมราช', 'โองการ', 'รัฐมนตรี', 'สนอง']","['พระราชหัตถเลขา พระบรมราชโองการ เกี่ยว ราชการ แผ่นดิน รัฐมนตรี นาม รับสนอง พระบรมราชโองการ เว้น', 'พระราชหัตถเลขา พระบรมราชโองการ เกี่ยว ราชการ แผ่นดิน รัฐมนตรี นาม รับสนอง พระบรมราชโองการ เว้น', '14 18 19 82 85 116 140 174 พระราชหัตถเลขา พระบรมราชโองการ เกี่ยว ราชการ แผ่นดิน รัฐมนตรี นาม รับสนอง พระบรมราชโองการ']",bertopic_default,False,unlabeled_default_review_required,50_พระราชหัตถเลขา_พระบรมราชโองการ_นาม_รับสนอง
51,19,51_อสังหาริมทรัพย์_เวนคืน_คืน_เจ้าของ,51_อสังหาริมทรัพย์_เวนคืน_คืน_เจ้าของ,"['อสังหาริมทรัพย์', 'เวนคืน', 'คืน', 'เจ้าของ', 'ทดแทน', 'ค่า', 'ทายาท', 'เสียหาย', 'ชดใช้', 'สิทธิ']","['เวนคืน อสังหาริมทรัพย์ เว้น อาศัย อำนาจ สาธารณูปโภค ป้องกัน ประเทศ ทรัพยากร ธรรมชาติ ผังเมือง พัฒนา เกษตร อุตสาหกรรม ปฏิรูป ที่ดิน ประโยชน์ สาธารณะ ชดใช้ ค่า ทดแทน เป็นธรรม เวลา เจ้าของ สิทธิ เสียหาย เวนคืน ค่า ทดแทน เป็นธรรม คำนึง ราคา ซื้อขาย ปกติ สภาพ อสังหา ริมทรัพย์ เสียหาย เวน คืน เวน คืน อสังหาริมทรัพย์ ระบุ วัตถุประสงค์ เวนคืน เวลา อสังหาริมทรัพย์ ชัดแจ้ง เวลา คืน เจ้าของ เดิม ทายาท เว้น อาศัย อำนาจ คืน อสังหาริมทรัพย์ เจ้าของ เดิม ทายาท สาม คืน ค่า ทดแทน ชด', 'เวนคืน อสังหาริมทรัพย์ เว้น อาศัย อำนาจ สาธารณูปโภค ป้องกัน ประเทศ ทรัพยากร ธรรมชาติ ผังเมือง ส่งเสริม รักษา คุณภาพ แวดล้อม พัฒนา เกษตร อุดสาหกรรม ปฏิรูป ที่ดิน ประโยชน์ สาธารณะ ชดใช้ ค่า ทดแทน เป็นธรรม เวลา เจ้าของ สิทธิ เสียหาย เวนคืน ค่า ทดแทน เป็นธรรม คำนึง ราคา ซื้อขาย ปกติ สภาพ อสังหาริมทรัพย์ เสียหาย เวน คืน เวน คืน อสังหาริมทรัพย์ ระบุ วัตถุประสงค์ เวนคืน เวลา อสังหาริมทรัพย์ ชัดแจ้ง เวลา คืน เจ้าของ เดิม ทายาท คืน อสังหาริมทรัพย์ เจ้าของ เดิม ทายาท สาม คืน ค่า ทดแทน ชด', 'สิทธิ บุคคล ทรัพย์สิน คุ้มครอง ขอบเขต สิทธิ จำกัด สิทธิ สืบมรดก คุ้มครอง สิทธิ บุคคล สืบมรดก เวนคืน อสังหาริมทรัพย์ เว้น อาศัย อำนาจ สาธารณูปโภค ป้องกัน ประเทศ ทรัพยากร ธรรมชาติ ผังเมือง พัฒนา เกษตร อุตสาหกรรม ปฏิรูป ที่ดิน ประโยชน์ สาธารณะ ชดใช้ ค่า ทดแทน เวลา เจ้าของ สิทธิ เสียหาย เวนคืน ระบุ ค่า ทดแทน สาม คำนึง สภาพ อสังหาริมทรัพย์ วัตถุประสงค์ เวนคืน เป็นธรรม สังคม อสังหาริมทรัพย์ เวนคืน เวลา คืน เจ้าของ เดิม ทายาท เว้น ว รรค สาม อาศัย อำนาจ คืน อสังหาริมทรัพย์ เจ้าของ เดิม ทายาท ห้า คืน ค่า ทดแทน ชด']",bertopic_default,False,unlabeled_default_review_required,51_อสังหาริมทรัพย์_เวนคืน_คืน_เจ้าของ
52,19,52_แวดล้อม_ชุมชน_คุณภาพ_ธรรมชาติ,52_แวดล้อม_ชุมชน_คุณภาพ_ธรรมชาติ,"['แวดล้อม', 'ชุมชน', 'คุณภาพ', 'ธรรมชาติ', 'ทรัพยากร', 'กระทบ', 'หลากหลาย', 'สุขภาพ', 'พื้นที่', 'อนุรักษ์']","['ดําเนินการ รัฐ รัฐ อนุญาต ด ําเนินการ กระทบ ทรัพยากร ธรรมชาติ คุณภาพ แวดล้อม สุขภาพ อนามัย คุณภาพ ชีวิต สํา คัญ ประชาชน ชุมชน แวดล้อม รุนแรง รัฐต้องดําเนินการ ศึกษา ประเมิน กระทบ คุณภาพ แวดล้อม สุขภาพ ประชาชน ชุมชน รับฟัง คิดเห็น ประชาชน ชุมชน เพื่อนํา พิจารณา ดําเนิน อนุญาต บุคคล ชุมชน สิทธิ ข้อมูล คํา ชี้แจง หน่วย งาน รัฐ ดําเนินการ อนุญาต ดําเนินการ อนุญาต รัฐ ระมัดระวัง กระทบ ประชาชน ชุมชน แวดล้อม หลากหลาย ชีวภาพ ต้องดําเนินการ เยียวยา เดือดร้อน เสียหาย ประชาชน ชุมชน กระทบ เป็นธรรม ชักช้า', 'สิทธิ บุคคล รัฐ ชุมชน บำรุงรักษา ประโยชน์ ทรัพยากร ธรรมชาติ หลากหลาย ชีวภาพ คุ้มครอง ส่งเสริม รักษา คุณภาพ แวดล้อม ดำรง ชีพ ปกติ ต่อเนื่อง แวดล้อม ก่อ อันตราย สุขภาพ อนามัย สวัสดิภาพ คุณภาพ ชีวิต คุ้มครอง ดำเนิน โครงการ กิจกรรม ก่อ กระทบ รุนแรง คุณภาพ แวดล้อม เว้น ศึกษา ประเมิน กระทบ คุณภาพ แวดล้อม องค์การ อิสระ แทน องค์การ เอกชน แวดล้อม แทน สถาบัน อุดมศึกษา ศึกษา แวดล้อม ดำเนิน สิทธิ บุคคล ฟ้อง หน่วย ราชการ หน่วย งาน รัฐ รัฐวิสาหกิจ ราชการ ท้องถิ่น องค์กร รัฐ สอง คุ้มครอง', 'สิทธิ บุคคล รัฐ ชุมชน อนุรักษ์ บํารุงรักษา ประโยชน์ ทรัพยากร ธรรมชาติ หลากหลาย ชีวภาพ คุ้มครอง ส่งเสริม รักษา คุณภาพ แวดล้อม ดํารงชีพ ปกติ ต่อเนื่อง แวดล้อม ก่อ อันตราย สุขภาพ อนามัย สวัสดิภาพ คุณภาพ ชีวิต คุ้มครอง เหมาะสม ดําเนิน โครงการ กิจกรรม ก่อ กระทบ ชุมชน รุนแรง คุณภาพ แวดล้อม ทรัพยากร ธรรมชาติ สุขภาพ กระทํา เว้น ศึกษา ประเมิน กระทบ คุณภาพ แวดล้อม สุขภาพ ประชาชน ชุมชน กระบวน รับฟัง คิดเห็น ประชาชน องค์การ อิสระ แทน องค์การ เอกชน แวดล้อม สุขภาพ แทน สถาบัน อุดมศึกษา ศึกษา แวดล้อม ทรัพยากร ธรรมชาติ สุขภาพ ดําเนิน สิทธิ ชุมชน ฟ้อง หน่วย ราชการ หน่วย งาน รัฐ รัฐวิสาหกิจ ราชการ ท้องถิ่น องค์กร รัฐ นิติบุคคล คุ้มครอง']",bertopic_default,False,unlabeled_default_review_required,52_แวดล้อม_ชุมชน_คุณภาพ_ธรรมชาติ
53,19,53_เขต_จังหวัด_ราษฎร_คน,เลือกตั้งเขต/ราษฎร,"['เขต', 'จังหวัด', 'ราษฎร', 'คน', 'แบ่ง', 'หมื่น', 'แสน', 'จำนวน', 'เลือกตั้ง', 'เศษ']","['เลือกตั้ง สมาชิก สภาผู้แทนราษฎร แบ่ง เขต เลือกตั้ง สิทธิ เลือกตั้ง เขต เลือกตั้ง สิทธิ เสียง คะแนน เลือกตั้ง สมัคร เลือกตั้ง เท่าจํานวน สมาชิก สภาผู้แทน ราษฎร เขต เลือกตั้ง คํานวณ จํานวน สมาชิก สภาผู้แทนราษฎร เขต เลือกตั้ง กําหนด เขต เลือกตั้ง ดําเนิน 1 คํานวณ เกณฑ์ จํานวน ราษฎร สมาชิก คน คํานวณ จํานวน ราษฎร ประเทศ หลักฐาน ทะเบียน ราษฎร ปี สุดท้าย ปี เลือกตั้ง เฉลี่ย จํานวน สมาชิก สภาผู้แทนราษฎร สี่ ร้อย คน 2 จังหวัด ราษฎร เกณฑ์ จํานวน ราษฎร สมาชิก คน 1 จังหวัด สมาชิก สภาผู้แทนราษฎร คน จังหวัด ราษฎร เกณฑ์ จํานวน ราษฎร สมาชิก คน จังหวัด สมาชิก สภาผู้แทนราษฎร คน จํานวน ราษฎร เกณฑ์ จํานวน ราษฎร สมาชิก คน 3 จํานวน สมาชิก สภาผู้แทนราษฎร จังหวัด 2 จํานวน สมาชิก สภาผู้แทนราษฎร คํานวณ สี่ ร้อย คน จังหวัด เศษ คํานวณ 2 สมาชิก สภาผู้แทนราษฎร คน จํานวน สมาชิก สภาผู้แทน ราษฎร วิธี จังหวัด เศษ คํานวณ 2 ลํา ดับ รอง ลํา ดับ จํานวน สมาชิก สภาผู้แทนราษฎร สี่ ร้อย คน 4 กําหนด เขต เลือกตั้ง ดําเนิน จังหวัด สมาชิก สภาผู้แทนราษฎร สาม คน เขต จังหวัด เขต เลือกตั้ง จังหวัด สมาชิก สภาผู้แทนราษฎร สาม คน แบ่ง เขต จังหวัด เขต เลือกตั้ง เขต เลือกตั้ง จํานวน สมาชิก สภาผู้แทนราษฎร สาม คน 5 แบ่ง เขต เลือกตั้ง จังหวัด จํานวน สมาชิก สภาผู้แทนราษฎร สาม คน เขต แบ่ง เขต เลือกตั้ง เขต เลือกตั้ง สมาชิก สภาผู้แทนราษฎร เขต สาม คน เขต เขต สอง คน จังหวัด เลือกตั้ง สมาชิก สภาผู้แทน ราษฎร สี่ คน แบ่ง เขต เลือกตั้ง สอง เขต เขต สมาชิก สภาผู้แทนราษฎร สอง คน 6 จังหวัด แบ่ง เขต เลือกตั้ง เขต แบ่ง พื้นที่ เขต เลือกตั้งแต่ละ เขต ติดต่อ จํานวน ราษฎร เขต ใกล้เคียง ดําเนิน คะแนน หน่วย เลือกตั้ง คะแนน หน่วย เลือกตั้ง เขต เลือกตั้ง คะแนน คะแนน สถานที่ เขต เลือกตั้ง คณะกรรมการการเลือกตั้ง กําหนด เว้น จํา ท้องที่ คณะ กรรมการการเลือกตั้ง กําหนด คะแนน คะแนน คะแนน พระราชบัญญัติ เลือกตั้ง สมาชิก สภาผู้แทนราษฎร สมาชิก วุฒิสภา', 'ยกเลิก 90 แทน 90 จำนวน สมาชิก สภาผู้แทน ราษฎร จังหวัด คำนวณ เกณฑ์ จำนวน ราษฎร จังหวัด หลักฐาน ทะเบียน ราษฎร ปี สุดท้าย ปี เลือกตั้ง แสน ห้า หมื่น คน สมาชิก สภาผู้แทนราษฎร คน จังหวัด ราษฎร แสน ห้า หมื่น คน เลือกตั้ง สมาชิก สภาผู้แทนราษฎร จังหวัด คน จังหวัด ราษฎร แสน ห้า หมื่น คน เลือกตั้ง สมาชิก สภาผู้แทนราษฎร จังหวัด คน จำนวน ราษฎร แสน ห้า หมื่น คน เศษ แสน ห้า หมื่น เจ็ด หมื่น ห้า พัน แสน ห้า หมื่น จังหวัด เลือกตั้ง สมาชิก สภาผู้แทนราษฎร สาม คน เขต จังหวัด เขต เลือกตั้ง จังหวัด เลือกตั้ง สมาชิก สภาผู้แทนราษฎร สาม คน แบ่ง เขต จังหวัด เขต เลือกตั้ง เขต เลือกตั้ง จำนวน สมาชิก สภาผู้แทนราษฎร เขต สาม คน แบ่ง เขต เลือกตั้ง จังหวัด จำนวน สมาชิก สภาผู้แทนราษฎร สาม คน เขต แบ่ง เขต เลือกตั้ง เขต เลือกตั้ง สมาชิก สภาผู้แทนราษฎร เขต สาม คน เขต เขต สอง คน จังหวัด เลือกตั้ง สมาชิก สภาผู้แทนราษฎร สี่ คน แบ่ง เขต เลือกตั้ง สอง เขต เขต สมาชิก สภาผู้แทน ราษฎร ส่อง คน', 'จำนวน สมาชิก สภาผู้แทน ราษฎร จังหวัด คำนวณ เกณฑ์ จำนวน ราษฎร จังหวัด หลักฐาน ทะเบียน ราษฎร ปี สุดท้าย ปี เลือกตั้ง แสน ห้า หมื่น คน สมาชิก สภาผู้แทนราษฎร คน จังหวัด ราษฎร แสน ห้า หมื่น คน เลือกตั้ง สมาชิก สภาผู้แทนราษฎร จังหวัด คน จังหวัด ราษฎร แสน ห้า หมื่น คน เลือกตั้ง สมาชิก สภา แทน ราษฎร จังหวัด คน จำนวน ราษฎร แสน ห้า หมื่น คน เศษ แสน ห้า หมื่น เจ็ด หมื่น ห้า พัน แสน ห้า หมื่น จังหวัด เลือกตั้ง สมาชิก สภาผู้แทนราษฎร สาม คน เขต จังหวัด เขต เลือกตั้ง จังหวัด เลือกตั้ง สมาชิก สภา แทน ราษฎร สาม คน แบ่ง เขต จังหวัด เขต เลือกตั้ง เขต เลือกตั้ง จำนวน สมาชิก สภาผู้แทนราษฎร เขต สาม คน แบ่ง เขต เลือกตั้ง จังหวัด จำนวน สมาชิก สภา แทน ราษฎร สาม คน เขต แบ่ง เขต เลือกตั้ง เขต เลือกตั้ง สมาชิก สภาผู้แทนราษฎร เขต สาม คน เขต เขต สอง คน จังหวัด เลือกตั้ง สมาชิก สภาผู้แทนราษฎร สี่ คน แบ่ง เขต เลือกตั้ง สอง เขต เขต สมาชิก สภาผู้แทนราษฎร สอง คน']",heuristic_keyword_rule,False,review_required,เลือกตั้งเขต/ราษฎร
54,19,54_เรียบร้อย_ปรึกษา_อภิปราย_กรรมาธิการ,54_เรียบร้อย_ปรึกษา_อภิปราย_กรรมาธิการ,"['เรียบร้อย', 'ปรึกษา', 'อภิปราย', 'กรรมาธิการ', 'กระทู้', 'ญัตติ', 'พิจารณาร่าง', 'เสนอ', 'กิจการ', 'ถาม']","['วุฒิสภา สภาผู้แทนราษฎร อำนาจ ตรา ข้อ ประชุม เกี่ยว เลือก ประธาน สภา รอง ประธาน สภา กรรมาธิการ วิธี ประชุม เสนอ พิจารณาร่าง พระราชบัญญัติ เสนอ ญัตติ ปรึกษา อภิปราย มติ กระทู้ ถาม อภิปราย ทั่วไป รักษา เรียบร้อย กิจการ ดำเนิน', 'วุฒิสภา สภาผู้แทนราษฎร อำนาจ ตรา ข้อ ประชุม เกี่ยว เลือก ประธาน สภา รอง ประธาน สภา กรรมาธิการ องค์ ประชุม คณะ กรรมาธิการ วิธี ประชุม เสนอ พิจารณาร่าง พระราชบัญญัติ เสนอ ญัตติ ปรึกษา อภิปราย มติ กระทู้ ถาม อภิปราย ทั่วไป รักษา เรียบร้อย กิจการ ดำเนิน', 'วุฒิสภา สภาผู้แทนราษฎร อำนาจ ตรา ข้อ ประชุม เกี่ยว เลือก ประธาน สภา รอง ประธาน สภา กรรมาธิการ องค์ ประชุม คณะ กรรมาธิการ วิธี ประชุม เสนอ พิจารณาร่าง พระราชบัญญัติ เสนอ ญัตติ ปรึกษา อภิปราย มติ กระทู้ ถาม อภิปราย ทั่วไป รักษา เรียบร้อย กิจการ ดำเนิน']",bertopic_default,False,unlabeled_default_review_required,54_เรียบร้อย_ปรึกษา_อภิปราย_กรรมาธิการ
55,19,55_สภานิติบัญญัติแห่งชาติ_พระราชบัญญัติ_ชั่วคราว_ดํารงตําแหน่ง,ศาลรัฐธรรมนูญ,"['สภานิติบัญญัติแห่งชาติ', 'พระราชบัญญัติ', 'ชั่วคราว', 'ดํารงตําแหน่ง', 'ตรวจ', 'ยกเว้น', 'ศาลรัฐธรรมนูญ', 'รักษาการ', 'สงบแห่ง', 'ผู้ดํารงตําแหน่ง']","['สภานิติบัญญัติแห่งชาติ พิจารณาร่าง พระราชบัญญัติ เลือกตั้ง สมาชิก สภาผู้แทนราษฎร สมาชิก วุฒิสภา ร่าง พระราชบัญญัติ พรรค เมือง ร่าง พระราชบัญญัติ คณะกรรมการการเลือกตั้ง คณะ กรรมาธิการ ร่าง เวลา กําหนด ชั่วคราว 2549 พ้น กําหนด เวลา สภานิติบัญญัติแห่งชาติ พิจารณา ร่าง พระราชบัญญัติ ประธาน สภานิติบัญญัติแห่งชาติ นําร่าง พระราชบัญญัติ คณะ กรรมาธิการ ร่าง ทูลเกล้า ทูลกระหม่อม ถวาย เจ็ด พระปรมาภิไธย เสมือน สภานิติบัญญัติแห่งชาติ ชอบ ร่าง พระราชบัญญัติ พระราชบัญญัติ พรรค เมือง พระราชบัญญัติ คณะกรรมการการเลือกตั้ง พระราชบัญญัติ พรรค เมือง 2541 พระราชบัญญัติ คณะกรรมการการเลือกตั้ง 2541 พระราชบัญญัติ', 'สภาผู้แทนราษฎร วุฒิสภา สภานิติบัญญัติแห่งชาติ ชั่วคราว 2557 รัฐสภา สภาผู้แทนราษฎร วุฒิสภา สมาชิก สภานิติบัญญัติแห่งชาติ ดํารงตําแหน่ง สมาชิก สภาผู้แทนราษฎร สมาชิก วุฒิสภา ลําดับ สภานิติบัญญัติแห่งชาติ สมาชิก สภานิติบัญญัติแห่งชาติสิ้นสุด ประชุม รัฐสภา เลือกตั้ง ทั่วไป สมาชิก สภานิติบัญญัติแห่งชาติ คุณสมบัติ ลักษณะ ห้าม ชั่วคราว 2557 คุณสมบัติ ลักษณะ ห้าม สิ้นสุด สมาชิก ภาพ สมาชิก สภาผู้แทนราษฎร สมาชิก วุฒิสภา 1 98 ยกเว้น 3 12 13 14 15 2 101 ยกเว้น ก 6 เกี่ยว 98 ยกเว้น 3 12 13 14 15 ข 7 สมาชิก สภานิติบัญญัติแห่งชาติ เจ้าหน้าที่ รัฐ ปฏิบัติการ อํานาจ คํา สั่ง ชอบ เกี่ยว 184 1 3 108 ยกเว้น ก. คุณสมบัติ 3 4 ข. ลักษณะ ห้าม 1 2 7 1 เกี่ยว 98 3 15 112 ดํารงตําแหน่ง รัฐมนตรี สมาชิก สภานิติบัญญัติแห่งชาติ ห้าม บุค คลดํารงตําแหน่ง เมือง ดํารงตําแหน่ง รัฐมนตรี 264 ราชการ เมือง ประโยชน์ คณะ รัฐมนตรี 264 ประโยชน์ คณะ รักษาความ สงบแห่ง ชาติ 265 สมาชิก สภานิติบัญญัติแห่งชาติ สภานิติบัญญัติแห่งชาติ รัฐสภา สภาผู้แทนราษฎร วุฒิสภา อํานาจ ประธาน รัฐสภา ประธาน สภาผู้แทนราษฎร ประธาน วุฒิสภา อํานาจ ประธาน สภานิติบัญญัติแห่งชาติ สภานิติบัญญัติแห่งชาติ มีตําแหน่ง ว่าง หัวหน้า คณะ รักษา สงบแห่ง ชาติ กราบบังคมทูล แต่งตั้ง คุณสมบัติ ลักษณะ ห้าม สอง สมาชิก สภานิติบัญญัติแห่งชาติ แทน เลือกตั้ง ทั่วไป สมาชิก สภานิติบัญญัติแห่งชาติ สมัคร เลือกตั้ง สมาชิก สภาผู้แทนราษฎร เว้น พ้น ตําแหน่ง สมาชิก สภานิติบัญญัติแห่งชาติ เก้า สิบ', 'คณะ กรรมการร่าง ชั่วคราว 2557 ชั่วคราว 2557 1 2558 ชั่วคราว 2557 2 2559 ร่าง พระราชบัญญัติ เสนอ สภานิติบัญญัติแห่งชาติ พิจารณา ชอบ 1 พระราชบัญญัติ เลือกตั้ง สมาชิก สภาผู้แทนราษฎร 2 พระราชบัญญัติ สมาชิก วุฒิสภา 3 พระราชบัญญัติ คณะกรรมการการเลือกตั้ง 4 พระราชบัญญัติ พรรค เมือง 5 พระราชบัญญัติ วิธี พิจารณา ศาลรัฐธรรมนูญ 6 พระราชบัญญัติ วิธี พิจารณา คดี อาญา ผู้ดํารงตําแหน่ง เมือง 7 พระราชบัญญัติ ตรวจ แผ่นดิน 8 พระราชบัญญัติ ป้องกันและปราบปรามการทุจริต 9 พระราชบัญญัติ ตรวจ เงินแผ่นดิน 10 พระราชบัญญัติ คณะกรรมการสิทธิมนุษยชนแห่งชาติ ดําเนิน คณะ กรรมการร่าง ร่าง พระราชบัญญัติ สอดคล้อง เจตนารมณ์ ขจัด ทุจริต ประพฤติ ชอบ รูปแบบ สอง ร้อย สี่ สิบ สภานิติบัญญัติแห่งชาติ พิจารณาร่าง พระราชบัญญัติ เสนอ คณะ กรรมการ ร่าง พ้น ตําแหน่ง พ้น ตําแหน่ง สมาชิก สภานิติบัญญัติแห่งชาติ 263 ประโยชน์ ดําเนิน สอง ประสิทธิภาพ คณะกรรมการร่าง หัวหน้า คณะ รักษาความ สงบแห่ง ชาติ แต่งตั้ง กรรมการ ร่าง สาม สิบ คน พิจารณาร่าง พระราชบัญญัติ ร่าง พระราชบัญญัติ คณะ กรรมการร่าง สภานิติบัญญัติแห่งชาติ พิจารณา เวลา หก สิบ ร่าง พระราชบัญญัติ สภานิติบัญญัติแห่งชาติ พิจารณาร่าง พระราชบัญญัติ เวลา สภานิติบัญญัติแห่งชาติ ชอบ ร่าง พระราชบัญญัติ คณะ กรรมการร่าง เสนอ สภานิติบัญญัติแห่งชาติ พิจารณาร่าง พระราชบัญญัติ ร่าง พระราชบัญญัติ ศาลรัฐธรรมนูญ องค์กร อิสระ คณะ กรรมการร่าง พิจารณา ศาลรัฐธรรมนูญ องค์กร อิสระ คณะ กรรมการร่าง ร่าง พระราชบัญญัติ เจตนารมณ์ แจ้ง ประธาน สภานิติบัญญัติแห่งชาติ ทราบ สิบ ร่าง พระราชบัญญัติ สภานิติบัญญัติแห่งชาติ คณะ กรรมาธิการ วิสามัญ คณะ จํานวน สิบ เอ็ด คน ประธาน ศาลรัฐธรรมนูญ ประธาน องค์กร อิสระ สมาชิก สภานิติบัญญัติแห่งชาติ กรรมการ ร่าง คณะ กรรมการร่าง มอบหมาย ห้า คน พิจารณา เสนอ สภานิติบัญญัติแห่งชาติ สิบ ห้า แต่งตั้ง ชอบ สภานิติบัญญัติแห่งชาติ มติ ชอบ คะแนน เสียง สอง สาม จํานวน สมาชิก สภานิติบัญญัติแห่งชาติ ร่าง พระราชบัญญัติ ตก สภานิติบัญญัติแห่งชาติ มติ สอง สาม สภานิติบัญญัติแห่งชาติ ชอบ ร่าง คณะ กรรมาธิการ วิสามัญ เสนอ ดําเนิน 81 ประโยชน์ ขจัด ห้าม กรรมการ ร่าง รัฐธรรมนูญดํารงตําแหน่ง เมือง สอง ปี พ้น ตําแหน่ง สอง']",heuristic_keyword_rule,True,review_required,ศาลรัฐธรรมนูญ [T55]
56,19,56_พระพุทธเจ้า_ปฏิญาณ_สัตย์_ถวาย,ถวายสัตย์ปฏิญาณ,"['พระพุทธเจ้า', 'ปฏิญาณ', 'สัตย์', 'ถวาย', 'จงรักภักดี', 'ซื่อสัตย์สุจริต', 'ถ้อยคำ', 'พระมหากษัตริย์', 'รักษา', 'ประเทศ']","['รัฐมนตรี ถวาย สัตย์ ปฏิญาณ พระมหากษัตริย์ ถ้อยคำ พระพุทธเจ้า ชื่อ ปฏิญาณ ถวาย สัตย์ ปฏิญาณ พระพุทธเจ้า จงรักภักดี พระมหากษัตริย์ ซื่อสัตย์สุจริต ประโยชน์ ประเทศ ประชาชน รักษา', 'รัฐมนตรี ถวาย สัตย์ ปฏิญาณ พระมหากษัตริย์ ถ้อยคำ พระพุทธเจ้า ชื่อ ปฏิญาณ ถวาย สัตย์ ปฏิญาณ พระพุทธเจ้า จงรักภักดี พระมหากษัตริย์ ซื่อสัตย์สุจริต ประโยชน์ ประเทศ ประชาชน รักษา', 'รัฐมนตรี ถวาย สัตย์ ปฏิญาณ พระมหากษัตริย์ ถ้อยคำ พระพุทธเจ้า ชื่อ ปฏิญาณ ถวาย สัตย์ ปฏิญาณ พระพุทธเจ้า จงรักภักดี พระมหากษัตริย์ ซื่อสัตย์สุจริต ประโยชน์ ประเทศ ประชาชน รักษา']",heuristic_keyword_rule,True,review_required,ถวายสัตย์ปฏิญาณ [T56]
57,18,57_ปฏิญาณ_ซื่อสัตย์สุจริต_ถ้อยคำ_จงรักภักดี,ถวายสัตย์ปฏิญาณ,"['ปฏิญาณ', 'ซื่อสัตย์สุจริต', 'ถ้อยคำ', 'จงรักภักดี', 'รักษา', 'ปวงชน', 'ประโยชน์', 'ชื่อ', 'พระปรมาภิไธย', 'ประเทศ']","['สำเร็จ ราชการ แทน พระองค์ แต่งตั้ง 16 17 ปฏิญาณ ประชุม รัฐสภา ถ้อยคำ ชื่อ ปฏิญาณ ปฏิญาณ จงรักภักดี พระมหากษัตริย์ พระปรมาภิไธย ซื่อสัตย์สุจริต ประโยชน์ ประเทศ ประชาชน รักษา', 'สำเร็จ ราชการ แทน พระองค์ แต่งตั้ง 16 17 ปฏิญาณ ประชุม รัฐสภา ถ้อยคำ ชื่อ ปฏิญาณ ปฏิญาณ จงรักภักดี พระมหากษัตริย์ พระปรมาภิไธย ซื่อสัตย์สุจริต ประโยชน์ ประเทศ ประชาชน รักษา', 'สำเร็จ ราชการ แทน พระองค์ แต่งตั้ง 21 22 ปฏิญาณ ประชุม รัฐสภา ถ้อยคำ ชื่อ ปฏิญาณ ปฏิญาณ จงรักภักดี พระมหากษัตริย์ พระปรมาภิไธย ซื่อสัตย์สุจริต ประโยชน์ ประเทศ ประชาชน รักษา']",heuristic_keyword_rule,True,review_required,ถวายสัตย์ปฏิญาณ [T57]
58,18,58_ถาม_ตอบ_กระทู้_เรื่อง,58_ถาม_ตอบ_กระทู้_เรื่อง,"['ถาม', 'ตอบ', 'กระทู้', 'เรื่อง', 'ปลอด', 'ภัย', 'เกี่ยว', 'รัฐมนตรี', 'แผ่นดิน', 'สิทธิ']","['สมาชิก สภาผู้แทนราษฎร สมาชิก วุฒิสภา คน สิทธิ กระทู้ ถาม รัฐมนตรี เรื่อง เกี่ยว งาน รัฐมนตรี สิทธิ ตอบ คณะ รัฐมนตรี เรื่อง เกี่ยว ปลอด ภัย ประโยชน์ แผ่นดิน', 'ประชุม วุฒิสภา สภาผู้แทนราษฎร สมาชิก คน สิทธิ กระทู้ ถาม รัฐมนตรี เรื่อง เกี่ยว งาน รัฐมนตรี สิทธิ ตอบ คณะ รัฐมนตรี เรื่อง เกี่ยว ปลอด ภัย ประโยชน์ แผ่นดิน', 'ประชุม วุฒิสภา สภาผู้แทนราษฎร สมาชิก คน สิทธิ กระทู้ ถาม รัฐมนตรี เรื่อง เกี่ยว งาน รัฐมนตรี สิทธิ ตอบ คณะ รัฐมนตรี เรื่อง เกี่ยว ปลอด ภัย ประโยชน์ แผ่นดิน']",bertopic_default,False,unlabeled_default_review_required,58_ถาม_ตอบ_กระทู้_เรื่อง
59,18,59_แนะนำ_พระราชอำนาจ_นิติบัญญัติ_อำนาจ,59_แนะนำ_พระราชอำนาจ_นิติบัญญัติ_อำนาจ,"['แนะนำ', 'พระราชอำนาจ', 'นิติบัญญัติ', 'อำนาจ', 'ถวาย', 'รัฐมนตรี', 'พระมหากษัตริย์', 'นายก', 'พ้น', 'บวิหาร']","['พระมหากษัตริย์ พระราชอำนาจ รัฐมนตรี พ้น รัฐมนตรี นายก รัฐมนตรี ถวาย แนะนำ', 'พระมหากษัตริย์ พระราชอำนาจ รัฐมนตรี พ้น รัฐมนตรี นายก รัฐมนตรี ถวาย แนะนำ', 'พระมหากษัตริย์ พระราชอำนาจ รัฐมนตรี พ้น รัฐมนตรี นายก รัฐมนตรี ถวาย แนะนำ']",bertopic_default,False,unlabeled_default_review_required,59_แนะนำ_พระราชอำนาจ_นิติบัญญัติ_อำนาจ
60,18,60_เสรีภาพ_คุ้มครอง_สิทธิ_อาชีพ,60_เสรีภาพ_คุ้มครอง_สิทธิ_อาชีพ,"['เสรีภาพ', 'คุ้มครอง', 'สิทธิ', 'อาชีพ', 'บุคคล', 'ศีลธรรม', 'เป็นธรรม', 'ขจัด', 'จํากัด', 'อาศัยอํานาจ']","['บุคคล เสรีภาพ กิจการ อาชีพ แข่งขัน เสรี เป็นธรรม การจํากัด เสรีภาพ กระทํา เว้น อาศัยอํานาจ ประโยชน์ รักษา มั่นคง รัฐ เศรษฐกิจ ประเทศ คุ้มครอง ประชาชน สาธารณูปโภค รักษา สงบเรียบร้อย ศีลธรรม ดี ประชาชน อาชีพ คุ้มครอง บริโภค ผังเมือง รักษา ทรัพยากร ธรรมชาติ แวดล้อม สวัสดิภาพ ประชาชน ป้องกัน ผูกขาด ขจัด เป็นธรรม แข่งขัน', 'บุคคล เสรีภาพ คิดเห็น พิมพ์ โฆษณา สื่อ ความหมาย วิธี จํากัด เสรีภาพ กระทํา เว้น อาศัยอํานาจ ตรา รักษา มั่นคง รัฐ คุ้มครอง สิทธิ เสรีภาพ บุคคล รักษา สงบเรียบร้อย ศีลธรรม ดี ประชาชน ป้องกัน สุขภาพ ประชาชน เสรีภาพ วิชาการ คุ้มครอง เสรีภาพ ขัด ปวงชน ไทย ศีลธรรม ดี ประชาชน เคารพ กั้น บุคคล', 'สิทธิ เสรีภาพ ปวงชน ไทย คุ้มครอง ห้าม จํากัด บุคคล สิทธิ เสรีภาพ คุ้มครอง ตราบ สิทธิ เสรีภาพ กระทบกระเทือน อันตราย มั่นคง รัฐ สงบเรียบร้อย ศีลธรรม ดี ประชาชน ละเมิด สิทธิ เสรีภาพ บุคคล สิทธิ เสรีภาพ หลักเกณฑ์ วิธีการ ตรา บุคคล ชุมชน สิทธิ เสรีภาพ เจตนารมณ์ บุคคล ละเมิด สิทธิ เสรีภาพ คุ้มครอง สิทธิ ศาล ข้อ ต่อสู้ คดี ศาล บุคคล เสียหาย ละเมิด สิทธิ เสรีภาพ กระทํา อาญา บุคคล สิทธิ เยียวยา ช่วยเหลือ รัฐ']",bertopic_default,False,unlabeled_default_review_required,60_เสรีภาพ_คุ้มครอง_สิทธิ_อาชีพ
61,18,61_บวช_พรต_ภิกษุ_สามเณร,61_บวช_พรต_ภิกษุ_สามเณร,"['บวช', 'พรต', 'ภิกษุ', 'สามเณร', 'สม', 'แบ่งแยก', 'เพิกถอน', 'ประเทศไทย', 'หมาย', 'คุมขัง']","['บุคคล ลักษณะ เลือกตั้ง บุคคล ห้าม สิทธิ เลือกตั้ง 1 วิกลจริต จิตฟั่นเฟือน สม 2 ภิกษุ สามเณร พรต บวช 3 คุมขัง หมาย ศาล สั่ง ชอบ 4 เพิกถอน สิทธิ เลือกตั้ง', 'บุคคล ลักษณะ เลือกตั้ง บุคคล ห้าม สิทธิ เลือกตั้ง 1 วิกลจริต จิตฟั่นเฟือน สม 2 ภิกษุ สามเณร พรต บวช 3 คุมขัง หมาย ศาล สั่ง ชอบ 4 เพิกถอน สิทธิ เลือกตั้ง พิพากษา', 'บุคคล ลักษณะ เลือกตั้ง บุคคล ห้าม สิทธิ เลือกตั้ง 1 วิกลจริต จิตฟั่นเฟือน สม 2 ภิกษุ สามเณร พรต บวช 3 คุมขัง หมาย ศาล 4 เพิกถอน สิทธิ เลือกตั้ง พิพากษา']",bertopic_default,False,unlabeled_default_review_required,61_บวช_พรต_ภิกษุ_สามเณร
62,18,62_อภัยโทษ_ป้องกัน_พระราชทาน_พระราชอำนาจ,62_อภัยโทษ_ป้องกัน_พระราชทาน_พระราชอำนาจ,"['อภัยโทษ', 'ป้องกัน', 'พระราชทาน', 'พระราชอำนาจ', 'ประเทศ', 'บทบาท', 'พระมหากษัตริย์', 'ศาล', 'พิพากษา', 'บุคคล']","['พระมหากษัตริย์ พระราชอำนาจ พระราชทาน อภัยโทษ', 'พระมหากษัตริย์ พระราชอำนาจ พระราชทาน อภัยโทษ', 'พระมหากษัตริย์ พระราชอำนาจ พระราชทาน อภัยโทษ']",bertopic_default,False,unlabeled_default_review_required,62_อภัยโทษ_ป้องกัน_พระราชทาน_พระราชอำนาจ
63,18,63_ศึกษา_อบรม_สถาน_รัฐ,63_ศึกษา_อบรม_สถาน_รัฐ,"['ศึกษา', 'อบรม', 'สถาน', 'รัฐ', 'บำรุง', 'ขอบเขต', 'อุดมศึกษา', 'ฝึก', 'อบรมชั้น', 'พลเมือง']","['รัฐ ส่งเสริม บำรุง ศึกษา อบรม ฝึก อาชีพ เหมาะสม ต้องการ ประเทศ เสริม เอกชน ศึกษา อบรม ระดับ ระบบ ศึกษา อบรม รัฐ สถาน ศึกษา ปวง กำกับดูแล รัฐ ศึกษา อบรม สถาน ศึกษา รัฐ ค่า เล่าเรียน ทั่วถึง ประสิทธิภาพ ศึกษา อบรม อุดมศึกษา รัฐ สถาน ศึกษา ดำเนิน กิจการ อิสระ ขอบเขต รัฐ ช่วยเหลือ ยากไร้ ด้อย โอกาส ทุน ปัจจัย ศึกษา อบรม ฝึก อาชีพ', 'รัฐ ส่งเสริม บำรุง ศึกษา อบรม ฝึก อาชีพ เหมาะสม ต้องการ ประเทศ ส่งเสริม เอกชน ศึกษา อบรม ระดับ ระบบ ศึกษา อบรม รัฐ สถาน ศึกษา ปวง กำกับดูแล รัฐ ศึกษา อบรม สถาน ศึกษา รัฐ ค่า เล่าเรียน ทั่วถึง ประสิทธิภาพ ศึกษา อบรม อุดมศึกษา รัฐ สถาน ศึกษา ดำเนิน กิจการ อิสระ ขอบเขต รัฐ ช่วยเหลือ ยากไร้ ด้อย โอกาส ทุน ปัจจัย ศึกษา อบรม ฝึก อาชีพ', 'รัฐ ส่งเสริม บำรุง ศึกษา อบรม ฝึก อาชีพ เหมาะสม ต้องการ ประเทศ ระบบ ศึกษา อบรม รัฐ สถาน ศึกษา ปวง ควบคุม ดูแล รัฐ รัฐ ช่วยเหลือ ยากไร้ ทุน ปัจจัย ศึกษา อบรม ฝึก อาชีพ ศึกษา อบรม สถาน ศึกษา รัฐ ค่า เล่าเรียน ศึกษา อบรม อุดมศึกษา รัฐ สถาน ศึกษา ดำเนิน กิจการ อิสระ ขอบเขต']",bertopic_default,False,unlabeled_default_review_required,63_ศึกษา_อบรม_สถาน_รัฐ
64,18,64_อาณาจักรไทย_ชั่วคราว_ราช_กาล,64_อาณาจักรไทย_ชั่วคราว_ราช_กาล,"['อาณาจักรไทย', 'ชั่วคราว', 'ราช', 'กาล', 'นาม', 'ฉะเพาะ', 'ประเทศ', 'ราชกิจจานุเบกษา', '', '']","['นาม ประเทศ 2482', '2475 นาม ประเทศ 2482 ราช อาณาจักรไทย ถาวร ราชกิจจานุเบกษา', 'ฉะเพาะ กาล 2483']",bertopic_default,False,unlabeled_default_review_required,64_อาณาจักรไทย_ชั่วคราว_ราช_กาล
65,18,65_อนุมัติ_พระราชกำหนด_สาธารณะ_ปัด,65_อนุมัติ_พระราชกำหนด_สาธารณะ_ปัด,"['อนุมัติ', 'พระราชกำหนด', 'สาธารณะ', 'ปัด', 'ชักช้า', 'ป้อง', 'ภัยพิบัติ', 'ภัย', 'ปลอด', 'ตก']","['ประโยชน์ รักษา ปลอด ภัย ประเทศ ปลอด ภัย สาธารณะ มั่นคง เศรษฐกิจ ประเทศ ป้อง ปัด ภัยพิบัติ สาธารณะ พระมหากษัตริย์ ตรา พระราชกำหนด พระราชบัญญัติ ตรา พระราชกำหนด คณะ รัฐมนตรี ฉุกเฉิน รีบ ด่วน หลีกเลี่ยง ประชุม รัฐ สภาค ราว คณะ รัฐมนตรี เสนอ พระราชกำหนด รัฐสภา พิจารณา ชักช้า ประชุม รอ ประชุม สามัญ ชักช้า คณะ รัฐมนตรี ดำเนิน ประชุม รัฐสภา วิสามัญ พิจารณา อนุมัติ อนุมัติ พระราชกำหนด สภาผู้แทนราษฎร อนุมัติ สภาผู้แทนราษฎร อนุมัติ วุฒิสภา อนุมัติ สภาผู้แทน ราษฎร อนุมัติ คะแนน เสียง กึ่ง จำนวน สมาชิก สภาผู้แทนราษฎร พระราชกำหนด ตก กระทบกระเทือน กิจการ พระราชกำหนด ยกเลิก พระราชกำหนด ตก ตามวรรค สาม ยกเลิก อนุมัติ พระราชกำหนด สภาผู้แทนราษฎร วุฒิสภา อนุมัติ พระราชกำหนด วุฒิสภา อนุมัติ สภา แทน ราษฎร อนุมัติ คะแนน เสียง กึ่ง จำนวน สมาชิก สภาผู้แทนราษฎร พระราชกำหนด พระราชบัญญัติ อนุมัติ อนุมัติ พระราชกำหนด นายก รัฐมนตรี ราชกิจจานุเบกษา อนุมัติ ถัด ราชกิจจานุเบกษา พิจารณา พระราชกำหนด สภาผู้แทนราษฎร วุฒิสภา อนุมัติ พระราชกำหนด โอกาส ประชุม สภา', 'ฉุกเฉิน รีบ ด่วน รักษา ปลอด ภัย ประเทศ ปลอด ภัย สาธารณะ มั่นคง เศรษฐกิจ ประเทศ ป้อง ปัด ภัยพิบัติ สาธารณะ พระมหากษัตริย์ ตรา พระราชกำหนด พระราชบัญญัติ ประชุม รัฐ สภาค ราว คณะ รัฐมนตรี เสนอ พระราชกำหนด รัฐสภา พิจารณา ชักช้า สภาผู้แทนราษฎร อนุมัติ สภาผู้แทนราษฎร อนุมัติ วุฒิสภา อนุมัติ สภาผู้แทนราษฎร อนุมัติ คะแนน เสียง กึ่ง จำนวน สมาชิก พระราชกำหนด ตก กระทบกระเทือน กิจการ พระราชกำหนด วุฒิสภา สภาผู้แทนราษฎร อนุมัติ พระราชกำหนด วุฒิสภา อนุมัติ สภาผู้แทนราษฎร อนุมัติ คะแนน เสียง กึ่ง จำนวน สมาชิก พระราชกำหนด พระราชบัญญัติ อนุมัติ อนุมัติ พระราชกำหนด นายก รัฐมนตรี ราชกิจจานุเบกษา อนุมัติ ถัด ราชกิจจานุเบกษา พิจารณา พระราชกำหนด วุฒิสภา สภาผู้แทนราษฎร อนุมัติ พระราชกำหนด ทำ โอกาส ประชุม สภา', 'ประโยชน์ รักษา ปลอด ภัย ประเทศ ปลอด ภัย สาธารณะ มั่นคง เศรษฐกิจ ประเทศ ป้อง ปัด ภัยพิบัติ สาธารณะ พระมหากษัตริย์ ตรา พระราชกำหนด พระราชบัญญัติ ตรา พระราชกำหนด คณะ รัฐมนตรี ฉุกเฉิน รีบ ด่วน หลีก เลี่ยง ประชุม รัฐ สภาค ราว คณะ รัฐมนตรี เสนอ พระราช รัฐสภา พิจารณา ชักช้า ประชุม รอ ประชุม สามัญ ชักช้า คณะ รัฐมนตรี ดำเนินการ ประชุม รัฐสภา วิสามัญ พิจารณา อนุมัติ อนุมัติ พระราชกำหนด สภาผู้แทนราษฎร อนุมัติ สภาผู้แทนราษฎร อุบัติ วุฒิสภา อนุมัติ สภาผู้แทนราษฎร อนุมัติ คะแนน เสียง กึ่ง จำนวน สมาชิก สภาผู้แทนราษฎร พระราชกำหนด ตก กระทบกระเทือน กิจการ พระราชกำหนด พระราชกำหนด ยกเลิก พระราชกำหนด ตก สาม ยกเลิก อนุมัติ พระราชกำหนด วุฒิสภา สภาผู้แทนราษฎร อุบัติ พระราชกำหนด วุฒิสภา อนุมัติ สภาผู้แทนราษฎร อนุมัติ คะแนน เสียง กึ่ง จำนวน สมาชิก สภาผู้แทนราษฎร พระราชกำหนด พระราชบัญญัติ อนุมัติ อนุมัติ พระราชกำหนด นายก รัฐมนตรี ราชกิจจานุเบกษา อนุมัติ ถัด ราชกิจจานุเบกษา พิจารณา พระราชกำหนด วุฒิสภา สภาผู้แทนราษฎร อนุมัติ พระราชกำหนด โอกาส ประชุม สภา']",bertopic_default,False,unlabeled_default_review_required,65_อนุมัติ_พระราชกำหนด_สาธารณะ_ปัด
66,17,66_รอง_ประธาน_ตำแหน่ง_ตอบแทน,พระราชอำนาจ/พระราชกฤษฎีกา,"['รอง', 'ประธาน', 'ตำแหน่ง', 'ตอบแทน', 'ดำรง', 'พระราชกฤษฎีกา', 'ค้าน', 'วุฒิสภา', 'สภา', 'หรือว']","['ประธาน รอง ประธาน วุฒิสภา ดำรง ตำแหน่ง เลือก ประธาน รอง ประธาน วุฒิสภา สมาชิก กึ่ง ประธาน รอง ประธาน สภาผู้แทนดำรง ตำแหน่ง อายุ สภา ยุบ สภา ประธาน รอง ประธาน วุฒิสภา ประธาน รอง ประธาน สภาผู้แทน พ้น ตำแหน่ง วาระ พ้น ตำแหน่ง สอง 1 สมาชิก ภาพ สภา สมาชิก 2 ลา ตำแหน่ง', 'ประธาน รอง ประธาน สภาผู้แทนราษฎร ดำรง ตำแหน่ง อายุ สภา ยุบ สภา ประธาน รอง ประธาน วุฒิสภา ดำรง ตำแหน่ง เลือก ประธาน รอง ประธาน วุฒิสภา ประธาน รอง ประธาน สภาผู้แทนราษฎร ประธาน รอง ประธาน วุฒิสภา พ้น ตำแหน่ง วาระ หรือว รรค สอง 1 สมาชิก ภาพ สภา สมาชิก 2 ลา ตำแหน่ง 3 ดำรง ตำแหน่ง นายก รัฐมนตรี รัฐมนตรี ราชการ เมือง 4 พิพากษา คุก', 'ประธาน รอง ประธาน วุฒิสภา ดำรง ตำแหน่ง เลือก ประธาน รอง ประธาน วุฒิสภา สาม ปี ประธาน รอง ประธาน สภาผู้แทนราษฎร ดำรง ตำแหน่ง อายุ สภา ยุบ สภา ประธาน รอง ประธาน วุฒิสภา ประธาน รอง ประธาน สภาผู้แทนราษฎร พ้น ตำแหน่ง วาระ หรือว รรค สอง 1 สมาชิก ภาพ สภา สมาชิก 2 ลา ตำแหน่ง 3 ดำรง ตำแหน่ง รัฐมนตรี ราชการ เมือง 4 พิพากษา คุก']",heuristic_keyword_rule,True,review_required,พระราชอำนาจ/พระราชกฤษฎีกา [T66]
67,17,67_เลข_แก้_ตำแหน่ง_องคมนตรี,67_เลข_แก้_ตำแหน่ง_องคมนตรี,"['เลข', 'แก้', 'ตำแหน่ง', 'องคมนตรี', 'สภาผู้แทนราษฎร', 'ดำเนิน', 'สิ้นสุด', 'ทำ', 'วุฒิสภา', 'ดำรง']","['5 2475 1 แก้ เลขหมวด 5 เลขหมวด 6 2 แก้ เลข 58 เลข 59 เลข 99 เลข 100 ลำดับ 3 แก้ เลข 60 เลข 103 4 101 102 104 105 101 ศาล พิจารณา พิพากษา คดี คดี ข้อ หา ฐาน ฐาน แทน ศาล ธรรมดา สำหรับ พิจารณา พิพากษา คดี 102 ธรรมนูญ ศาล วิธี พิจารณา คดี คดี 104 พระมหากษัตริย์ แต่งตั้ง ย้าย ถอดถอน พิพากษา 105 แต่งตั้ง ย้าย ถอดถอน พิพากษา ชอบ คณะ กรรมการ ตุลาการ ราชการ ตุลาการ กราบบังคมทูล เลื่อน ตำแหน่ง เลื่อน เงิน เดือน พิพากษา ชอบ คณะ กรรมการ ตุลาการ ราชการ ตุลาการ', '4 2475 1 แก้ เลขหมวด 4 เลขหมวด 5 2 ยกเลิก 46 47 51 54 57 3 แก้ เลข 48 50 เลข 82 เลข 84 ลำดับ 4 แก้ เลข 55 เลข 93 5 แก้ เลข 56 เลข 94 6 81 85 92 94 96 98 81 พระมหากษัตริย์ คณะ รัฐมนตรี คณะ นายก รัฐมนตรี รัฐมนตรี สิบ สี่ ยี่ สิบ แปด นายก รัฐมนตรี ประธาน สภาผู้แทนราษฎร นาม รับสนอง พระบรมราชโองการ คณะ รัฐมนตรี บริหาร ราชการ แผ่นดิน 85 ปัญหา เกี่ยว ราชการ แผ่นดิน คณะ รัฐมนตรี สมควร ฟัง คิดเห็น สมาชิก สภาผู้แทนราษฎร นายก รัฐมนตรี แจ้ง ประธาน สภา อภิปราย ทั่วไป ประชุม สภา สภา มติ ปัญหา อภิปราย 86 เวลา บริหาร ราชการ แผ่นดิน ไว้วางใจ สภาผู้แทนราษฎร พฤติการณ์ คณะ รัฐมนตรี สมควร คณะ รัฐมนตรี สภา ไว้วางใจ 87 รัฐมนตรี คณะ ตำแหน่ง สภาผู้แทนราษฎร มติ ไว้วางใจ คณะ สภาผู้แทนราษฎร ชุด ไว้วางใจ คณะ รัฐมนตรี สิ้นสุด รัฐมนตรี นายก รัฐมนตรี สิ้นสุด สาม คณะ รัฐมนตรี ตำแหน่ง ดำเนิน คณะ รัฐมนตรี รัฐมนตรี สิ้นสุด วัด 1 ตาย 2 ลา 3 คุณสมบัติ ลักษณะ ห้าม สำหรับ สมัคร เลือกตั้ง เลือกตั้ง สมาชิก สภาผู้แทนราษฎร 4 สภาผู้แทนราษฎร มติ ไว้วางใจ 88 ฉุกเฉิน รีบ ด่วน รักษา ปลอด ภัย สาธารณ ป้อง ปัด ภัยพิบัติ สาธารณ ประชุม สภาผู้แทนราษฎร ทันท่วงที สภา ยุบ พระมหากษัตริย์ ตรา พระราชกำหนด พระราชบัญญัติ ประชุม สภาค ราว เสนอ พระราชกำหนด สภา ชักช้า สภา อนุมัติ พระราชกำหนด พระราชบัญญัติ สภา อนุมัติ พระราชกำหนด ตก กระทบกระทั่ง กิจการ พระราชกำหนด อนุมัติ อนุมัติ ทำ พระราชบัญญัติ 89 ประชุม เกี่ยว ภาษี อากร เงิน ตรา พิจารณา ด่วน ลับ รักษา ประโยชน์ แผ่นดิน พระมหากษัตริย์ ตรา พระราชกำหนด พระราชบัญญัติ พระราชกำหนด ตรา ในวรรค เสนอ สภาผู้แทนราษฎร สอง ถัด ราชกิจจานุเบกษา 88 สอง สาม อนุโลม 90 พระมหากษัตริย์ พระราชอำนาจ กฎ อัยการศึก ลักษณะ วิธีการ กฎ อัยการศึก กฎ อัยการศึก รีบ ด่วน เจ้าหน้าที่ ทหาร กฎ อัยการศึก 91 พระมหากษัตริย์ พระราชอำนาจ สงคราม ชอบ สภาผู้แทนราษฎร ขัด กฎบัตร องค์การสหประชาชาติ มติ คว่าม ยินยอม สภาผู้แทนราษฎร เสียง ต่ำ สอง สาม จำนวน สมาชิก 92 พระมหากษัตริย์ พระราชอำนาจ ทำ หนังสือ สัญญา สันติภาพ สงบ ศึก ทำ หนังสือ สัญญา นานา ประเทศ หนังสือ สัญญา อาณาเขต ไทย พระราชบัญญัติ ให้การ สัญญา ชอบ สภาผู้แทนราษฎร 94 พระมหากษัตริย์ พระราชอำนาจ ถอดถอน ฐานันดรศักดิ์ คืน เครื่อง ราชอิสริยาภรณ์ 96 พระมหากษัตริย์ แต่งตั้ง ถอดถอน ราชการ ทหาร พลเรือน ตำแหน่ง ปลัด กระทรวง อธิบดี เทียบเท่า 97 คุณสมบัติ บรรจุ แต่งตั้ง ถอดถอน โทษ ราชการ 98 17 61 81 พระราชหัตถเลขา พระบรมราชโองการ เกี่ยว ราชการ แผ่นดิน รัฐมนตรี นาม รับสนอง พระบรมราชโองการ', '39 41 3 แก้ เลข 16 17 เลข 45 เลข 46 ลำดับ 4 แก้ เลข 19 20 เลข 48 เลข 49 ลำดับ 5 แก้ เลข 22 32 เลข 51 61 ลำดับ 6 แก้ เลข 35 36 เลข 65 66 ลำดับ 7 แก้ เลข 37 เลข 68 8 แก้ เลข 38 เลข 71 9 แก้ เลข 40 เลข 74 10 แก้ เลข 42 45 เลข 77 80 ลำดับ 11 47 50 62 64 67 69 70 72 73 75 76 47 สมาชิก สภาผู้แทนราษฎร ตำแหน่ง ห้า ปี ตำแหน่ง สมาชิก ว่าง วาระ เลือกตั้ง สมาชิก แทน เต็ม ตำแหน่ง ว่าง สมาชิก แทน ตำแหน่ง เวลา แทน 50 สมาชิก ภาพ สภาผู้แทนราษฎร สิ้นสุด 1 วาระ ยุบ สภา 2 ตาย 3 ลา 4 คุณสมบัติ ลักษณะ ห้าม สำหรับ สมัคร เลือกตั้ง เลือกตั้ง สมาชิก สภาผู้แทนราษฎร 5 สภาผู้แทนราษฎร วินิจฉัย ตำแหน่ง ประพฤติ เสื่อมเสีย สภา มติ ข้อ เสียง ต่ำ สอง สาม จำนวน สมาชิก ประชุม วินิจฉัย ชี้ขาด 4 ศาลฎีกา วินิจฉัย วิธีการ ชี้ขาด ศาลฎีกา กระทบกระเทือน สมาชิก สภา ชี้ขาด 62 ประชุม ห้าม คุมขัง หมาย สมาชิก สภาผู้แทนราษฎร ทำ สอบสวน ฐานะ สมาชิก หา คดี อาญา เว้น อนุญาต สภา สมาชิก งาน ประธาน สภา ด่วน ประธาน สภา สั่ง ปล่อย พ้น คุมขัง 63 ฟ้อง สมาชิก สภาผู้แทนราษฎร คดี อาญา ฟ้อง ประชุม ศาล พิจารณา คดี ประชุม เว้น อนุญาต สภา พิจารณา คดี ขัดขวาง สมาชิก ประชุม สภา พิจารณา ศาล อ้าง จำเลย สมาชิก 64 สมาชิก สภาผู้แทนราษฎร คุมขัง สอบสวน พิจารณา ประชุม ประชุม พนักงาน สอบสวน ศาล สั่ง ปล่อย สภา ร้องขอ สั่ง ปล่อย ในวรรค สั่ง ปล่อย สุดท้าย ประชุม 67 ตรา พระราชบัญญัติ แหล่ง โทษ บุคคล อาญา โทษ บุคคล หนัก โทษ เวลาก 69 จ่าย เงิน แผ่นดิน อนุญาต งบ เว้น รีบ ด่วน จ่าย หลัก เกณฑ์ วิธีการ อนุมัติ สภาผู้แทนราษฎร โอกาส อนุมัติ สภา ทำ พระราชบัญญัติ เรื่อง พระราชบัญญัติ โอน เงิน งบ พระราชบัญญัติ งบ พระราชบัญญัติ งบ ประจำ ปี ถัด 70 พิเศษ สมควร แผน การณ์ ต่อเนื่อง ราชการ แผ่นดิน เกี่ยว สาธารณูปโภค จ่าย เงิน แผ่นดิน เวลา ปี จะตรา พระราชบัญญัติ ผูกมัด งบ ประจำ ปี เวลา ห้า ปี 72 ร่าง พระราชบัญญัติใด พระมหากษัตริย์ ชอบ พระราชทาน คืน สภาผู้แทน ราษฎร พระราชทาน คืน หก สิบ สภา ปรึกษา ร่าง พระราชบัญญัติ สภา มติ เดิม คะแนน เสียง กึ่ง จำนวน สมาชิก สภา นายก รัฐมนตรี ร่าง พระราชบัญญัติ ทูลเกล้าฯ ถวาย พระมหากษัตริย์ พระปรมาภิไธย พระราชทาน สาม สิบ พระราชบัญญัติ ราชกิจจานุเบกษา เสมือน พระมหากษัตริย์ พระปรมา ภิไธย 73 ร่าง พระราชบัญญัติ เสนอ คณะ รัฐมนตรี สมาชิก สภาผู้แทนราษฎร ร่าง พระราชบัญญัติ เกี่ยว เงิน สมาชิก เสนอ ต่อเมื่อ นายก รัฐมนตรี ร่าง พระราชบัญญัติ เกี่ยว เงิน หมาย ร่าง พระราชบัญญัติ ข้อความ ข้อ ข้อ ยกเลิก ลด ผ่อน วาง เกี่ยว ภาษี อากร จัดสรร รักษา จ่าย เงิน แผ่นดิน กู้ เงิน ค้ำประกัน เงิน กู้ ร่าง พระราชบัญญัติ เงินตรา สงสัย อำนาจ ประธาน สภา วินิจฉัย ร่าง พระราชบัญญัติ ร่าง พระราชบัญญัติ เกี่ยว เงิน 75 สมาชิก สภาผู้แทนราษฎร ต่ำ ห้า จำนวน สมาชิก สิทธิ ชื่อ เสนอ ญัตติ อภิปราย ทั่วไป สภา คณะ รัฐมนตรี แถลง ข้อ เท็จจริง คิดเห็น ปัญหา เกี่ยว บริหาร ราชการ แผ่นดิน ญัตติ ยื่น ประธาน สภา ประธาน สภา แจ้ง นายก รัฐมนตรี เวลา สำหรับ อภิปราย ทั่วไป สาม สิบ นายก รัฐมนตรี แจ้ง คณะ รัฐมนตรี สิทธิ ระงับ อภิปราย ทั่วไป น้ำ เรื่อง เกี่ยว ปลอด ภัย ประโยชน์ แผ่นดิน อภิปราย ทั่วไป สภา มติ ปัญหา อภิปราย 76 สมาชิก สภาผู้แทนราษฎร ต่ำ สาม จำนวน สมาชิก สิทธิ ชื่อ เสนอ ญัตติ อภิปราย ทั่วไป มติ ไว้วางใจ รัฐมนตรี ตัว คณะ อภิปราย ทั่วไป สภา สิ้นสุด มติ วาระ อภิปราย สภาผู้แทนราษฎร มติ ไว้วางใจ ไว้วางใจ มติ อภิปราย สิ้นสุด']",bertopic_default,False,unlabeled_default_review_required,67_เลข_แก้_ตำแหน่ง_องคมนตรี
68,16,68_กราบบังคมทูล_พระบรมราชโองการ_วิสามัญ_ยื่น,68_กราบบังคมทูล_พระบรมราชโองการ_วิสามัญ_ยื่น,"['กราบบังคมทูล', 'พระบรมราชโองการ', 'วิสามัญ', 'ยื่น', 'ร้อง', 'ร้องขอ', 'สภา', 'สอง', 'สนอง', 'ประธาน']","['สมาชิก สภาผู้แทนราษฎร สมาชิก วุฒิสภา สอง สภา สมาชิก สภาผู้แทนราษฎร จำนวน สาม จำนวน สมาชิก สอง สภา สิทธิ ชื่อ ร้องขอ กราบบังคมทูล พระบรมราชโองการ ประชุม รัฐสภา ประชุม วิสามัญ ร้อง ว รรค ยื่น ประธาน รัฐสภา ประธาน รัฐสภา กราบบังคมทูล นาม รับสนอง พระบรมราชโองการ', 'สมาชิก วุฒิสภา สมาชิก สภาผู้แทนราษฎร สอง สภา สมาชิก สภาผู้แทนราษฎร จำนวน สาม จำนวน สมาชิก สอง สภา สิทธิ ชื่อ ร้องขอ กราบบังคมทูล พระบรมราชโองการ ประชุม รัฐสภา ประชุม วิสามัญ ร้อง ว รรค ยื่น ประธาน รัฐสภา ประธาน รัฐสภา กราบบังคมทูล นาม รับสนอง พระบรมราชโองการ', 'สมาชิก วุฒิสภา สมาชิก สภาผู้แทนราษฎร สมาชิก สอง สภา จำนวน สาม จำนวน สมาชิก สอง สภา สิทธิ ชื่อ ร้องขอ กราบบังคมทูล พระบรมราชโองการ ประชุม รัฐสภา ประชุม วิสามัญ ร้อง ว รรค ยื่น ประธาน รัฐสภา ประธาน รัฐสภา กราบบังคมทูล นาม สนอง พระบรมราชโองการ']",bertopic_default,False,unlabeled_default_review_required,68_กราบบังคมทูล_พระบรมราชโองการ_วิสามัญ_ยื่น
69,16,69_ถัด_ราชกิจจานุเบกษา_ชอบ_รัฐสภา,69_ถัด_ราชกิจจานุเบกษา_ชอบ_รัฐสภา,"['ถัด', 'ราชกิจจานุเบกษา', 'ชอบ', 'รัฐสภา', '', '', '', '', '', '']","['ถัด ราชกิจจานุเบกษา', 'ถัด ราชกิจจานุเบกษา', 'ถัด ราชกิจจานุเบกษา']",bertopic_default,False,unlabeled_default_review_required,69_ถัด_ราชกิจจานุเบกษา_ชอบ_รัฐสภา
70,16,70_อรรถคดี_พิพากษา_อิสระ_อิสสระ,สัญชาติ/คุณสมบัติเลือกตั้ง,"['อรรถคดี', 'พิพากษา', 'อิสระ', 'อิสสระ', 'บุคคล', 'พิจารณา', 'สัญชาติ', 'พระปรมาภิไธย', 'สมาชิก', 'วุฒิสภา']","['พิพากษา อิสระ พิจารณา พิพากษา อรรถคดี', 'พิพากษา อิสระ พิจารณา พิพากษา อรรถคดี', 'พิพากษา อิสระ พิจารณา พิพากษา อรรถคดี']",heuristic_keyword_rule,True,review_required,สัญชาติ/คุณสมบัติเลือกตั้ง [T70]
71,16,71_อธิปไตย_ประมุข_อำนาจ_ชน,อำนาจอธิปไตย/ประมุข,"['อธิปไตย', 'ประมุข', 'อำนาจ', 'ชน', 'ปวง', 'ไทย', 'พระมหากษัตริย์', 'ปวงชน', 'มหากษัตริย์', 'ธรรมนูญ']","['อำนาจ อธิปไตย ปวง ชน ไทย พระมหากษัตริย์ ประมุข อำนาจ', 'อำนาจ อธิปไตย ปวง ชน ไทย พระมหากษัตริย์ ประมุข อำนาจ', 'อำนาจ อธิปไตย ปวง ชน ไทย พระมหากษัตริย์ ประมุข อำนาจ']",heuristic_keyword_rule,False,review_required,อำนาจอธิปไตย/ประมุข
72,15,72_ตรา_พระราชกำหนด_อากร_ด่วน,72_ตรา_พระราชกำหนด_อากร_ด่วน,"['ตรา', 'พระราชกำหนด', 'อากร', 'ด่วน', 'ภาษี', 'ลับ', 'ถัด', 'เงินตรา', 'อนุโลม', 'รักษา']","['ประชุม เกี่ยว ภาษี อากร เงินตรา พิจารณา ด่วน ลับ รักษา ประโยชน์ แผ่นดิน พระมหากษัตริย์ ตรา พระราชกำหนด พระราชบัญญัติ พระราชกำหนด ตรา เสนอ สภาผู้แทนราษฎร สาม ถัด ราชกิจจานุเบกษา', 'ประชุม เกี่ยว ภาษี อากร เงิน ตรา พิจารณา ด่วน ลับ รักษา ประโยชน์ แผ่นดิน พระมหากษัตริย์ ตรา พระราชกำหนด พระราชบัญญัติ พระราชกำหนด ตรา เสนอ สภาผู้แทนราษฎร สอง ถัด ราชกิจจานุเบกษา 190 อนุโลม', 'ประชุม เกี่ยว ภาษี อากร เงินตรา พิจารณา ด่วน ลับ รักษา ประโยชน์ แผ่นดิน พระมหากษัตริย์ ตรา พระราชกำหนด พระราชบัญญัติ พระราชกำหนด ตรา เสนอ สภาผู้แทนราษฎร สาม ถัด ราชกิจจานุเบกษา 175 อนุโลม']",bertopic_default,False,unlabeled_default_review_required,72_ตรา_พระราชกำหนด_อากร_ด่วน
73,15,73_สืบ_ราชสันตติวงศ์_มณเฑียรบาล_พระพุทธศักราช,การสืบราชสมบัติ,"['สืบ', 'ราชสันตติวงศ์', 'มณเฑียรบาล', 'พระพุทธศักราช', 'กฎ', 'ทราบ', 'พระรัชทายาท', 'รัฐสภา', 'นัย', 'สืบราชสมบัติ']","['21 สืบราชสมบัติ นัย กฎ มณเฑียรบาล สืบ ราชสันตติวงศ์ พระพุทธศักราช 2467 กฎ มณเฑียรบาล สืบ ราชสันตติวงศ์ พระพุทธศักราช 2467 พระราชอํานาจ พระมหากษัตริย์ พระราชดําริประการ คณะ องคมนตรี ร่าง กฎ มณเฑียรบาล กฎ มณเฑียรบาล เดิม ทูลเกล้าทูลกระหม่อม ถวาย พระราชวินิจฉัย ชอบ พระปรมาภิไธย ประธาน องคมนตรีดําเนิน แจ้ง ประธาน รัฐสภา ประธาน รัฐสภา แจ้ง รัฐสภา ทราบ ประธาน รัฐสภา นาม รับสนอง พระบรมราชโองการ ราชกิจจานุเบกษา', '23 สืบราชสมบัติ นัย กฎ มณเฑียรบาล สืบ ราชสันตติวงศ์ พระพุทธศักราช 2467 กฎ มณเฑียรบาล สืบ ราชสันตติวงศ์ พระพุทธศักราช 2467 พระราชอํานาจ พระมหากษัตริย์ พระราชดําริประการ คณะ องคมนตรี ร่าง กฎ มณเฑียรบาล กฎ มณเฑียรบาล เดิม ทูลเกล้าทูลกระหม่อม ถวาย พระราชวินิจฉัย ชอบ พระปรมาภิไธย ประธาน องคมนตรีดําเนิน แจ้ง ประธาน รัฐสภา ประธาน รัฐสภา แจ้ง รัฐสภา ทราบ ประธาน รัฐสภา นาม สนอง พระบรมราชโองการ ราชกิจจานุเบกษา สภาผู้แทนราษฎร อายุ สภาผู้แทนราษฎร ยุบ วุฒิสภาทําหน้าที่ รัฐสภา ทราบ สอง', '23 สืบราชสมบัติ นัย กฎ มณเฑียรบาล สืบ ราชสันตติวงศ์ พระพุทธศักราช 2467 กฎ มณเฑียรบาล สืบ ราชสันตติวงศ์ พระพุทธศักราช 2467 พระราชอำนาจ พระมหากษัตริย์ พระราชดำริประการ คณะ องคมนตรี ร่าง กฎ มณเฑียรบาล กฎ มณเฑียรบาล เดิม ทูลเกล้าทูลกระหม่อม ถวาย พระราชวินิจฉัย ชอบ พระปรมาภิไธย ประธาน องคมนตรี ดำเนิน แจ้ง ประธาน รัฐสภา ประธาน รัฐสภา แจ้ง รัฐสภา ทราบ ประธาน รัฐสภา นาม รับสนอง พระบรมราชโองการ ราชกิจจานุเบกษา สภาผู้แทนราษฎร สิ้นอกายุ สภาผู้แทนราษฎร ยุบ วุฒิสภา ทำ รัฐสภา ทราบ สอง']",heuristic_keyword_rule,True,review_required,การสืบราชสมบัติ [T73]
74,15,74_เดือน_ประจำ_ราชการ_เมือง,74_เดือน_ประจำ_ราชการ_เมือง,"['เดือน', 'ประจำ', 'ราชการ', 'เมือง', 'เงิน', 'ตำแหน่ง', 'ประจํา', 'ดำรง', 'ผู้ดํารงตําแหน่ง', 'พนักงาน']","['ราชการ ตำแหน่ง เงิน เดือน ประจำ ราชการ เมือง ราชการ เมือง', 'ราชการ ตำแหน่ง เงิน เดือน ประจำ ราชการ เมือง ราชการ เมือง', 'ราชการ ตำแหน่ง เงิน เดือน ประจำ ราชการ เมือง ราชการ เมือง']",bertopic_default,False,unlabeled_default_review_required,74_เดือน_ประจำ_ราชการ_เมือง
75,15,75_อำนาจ_พระมหากษัตริย์_อำนาจบ_นิติบัญญัติ,75_อำนาจ_พระมหากษัตริย์_อำนาจบ_นิติบัญญัติ,"['อำนาจ', 'พระมหากษัตริย์', 'อำนาจบ', 'นิติบัญญัติ', 'ศาล', 'ตุลาการ', 'บวิหาร', 'บริหาร', 'ดูแล', 'รัฐมนตรี']","['พระมหากษัตริย์ อำนาจ ตุลาการ ศาล', 'พระมหากษัตริย์ อำนาจ ตุลาการ ศาล', 'พระมหากษัตริย์ อำนาจ ตุลาการ ศาล']",bertopic_default,False,unlabeled_default_review_required,75_อำนาจ_พระมหากษัตริย์_อำนาจบ_นิติบัญญัติ
76,15,76_พรรค_เมือง_ลา_ภาพ,76_พรรค_เมือง_ลา_ภาพ,"['พรรค', 'เมือง', 'ลา', 'ภาพ', 'สิ้นสุด', 'มติ', 'สมาชิกภาพ', 'ห้าม', 'คุก', 'ลหุโทษ']","['สมาชิกภาพ สมาชิก สภาผู้แทนราษฎร สิ้นสุด 1 อายุ สภาผู้แทนราษฎร ยุบ สภาผู้แทนราษฎร 2 ตาย 3 ลา 4 คุณสมบัติ 94 1 2 4 5 ลักษณะ ห้าม 96 1 2 3 6 7 6 ห้าม 97 7 ลา พรรค เมือง สมาชิก พรรค เมือง สมาชิก มติ คะแนน เสียง สาม สี่ ประชุม คณะ กรรมการ บริหาร พรรค เมือง สมาชิก สภาผู้แทนราษฎร สังกัด พรรค เมือง พ้น สมาชิก พรรค เมือง สมาชิก สมาชิก ภาพ ลา พรรค เมือง มติ 8 สภาผู้แทนราษฎร มติ พ้น สมาชิกภาพ 92 สมาชิก ภาพ สภาผู้แทนราษฎร มติ 9 สมาชิก พรรค เมือง ศวล สั่ง ยุบ เลิก พรรค เมือง สมาชิก สภาผู้แทนราษฎร สมาชิก สมาชิก พรรค เมือง สมาชิก พรรค เมือง สมาชิก สภาผู้แทนราษฎร หก สิบ ศาล สั่ง สมาชิก ภาพ ถัด หก สิบ 10 ประชุม ประชุม เวลา เก้า สิบ อนุญาต ประธาน สภาผู้แทนราษฎร 11 คุก พิพากษา คุก เว้น ประมาท ลหุโทษ', 'สมาชิกภาพ สมาชิก สภาผู้แทนราษฎร สิ้นสุด 1 อายุ สภาผู้แทนราษฎร ยุบ สภาผู้แทนราษฎร 2 ตาย 3 ลา 4 พ้น ตําแหน่ง 93 5 คุณสมบัติ 97 6 ลักษณะ ห้าม 98 7 กระทํา ห้าม 184 185 8 ลา พรรค เมือง สมาชิก 9 พ้น สมาชิก พรรค เมือง สมาชิก มติ พรรค เมือง คะแนน เสียง สาม สี่ ประชุม คณะ กรรมการ บริหาร พรรค เมือง สมาชิก สภาผู้แทนราษฎร สังกัด พรรค เมือง สมาชิก สภาผู้แทนราษฎร สมาชิก พรรค เมือง สาม สิบ พรรค เมือง มติ สิ้นสุด สมาชิก ภาพ พ้น สาม สิบ 10 สมาชิก พรรค เมือง สมาชิก พรรค เมือง คํา สั่ง ยุบ พรรค เมือง สมาชิก สภาผู้แทนราษฎร สมาชิก สมาชิก สภาผู้แทนราษฎร สมาชิก พรรค เมือง หก สิบ คํา สั่ง ยุบ พรรค เมือง สิ้นสุด สมาชิก ภาพ ถัด ครบกําหนด หก สิบ 11 พ้น ตําแหน่ง 144 235 สาม 12 ประชุม จํานวน สี่ จํานวน ประชุม ประชุม กําหนด เวลา ร้อย ยี่ สิบ อนุญาต ประธาน สภาผู้แทนราษฎร 13 คํา พิพากษา จํา คุก รอ โทษ เว้น รอ โทษ กระทํา ประมาท ลหุโทษ ฐาน หมิ่นประมาท', 'สมาชิกภาพ สมาชิก สภาผู้แทนราษฎร สิ้นสุด 1 อายุ สภาผู้แทนราษฎร ยุบ สภาผู้แทนราษฎร 2 ตาย 3 ลา 4 คุณสมบัติ 101 5 ลักษณะ ห้าม 102 6 กระทํา ห้าม 265 266 7 ลา พรรค เมือง สมาชิก พรรค เมือง สมาชิก มติ คะแนน เสียง สาม สี่ ประชุม คณะ กรรมการ บริหาร พรรค เมือง สมาชิก สภาผู้แทนราษฎร สังกัด พรรค เมือง พ้น สมาชิก พรรค เมือง สมาชิก สิ้นสุด สมาชิก ภาพ ลา พรรค เมือง มติ เว้น สมาชิก สภาผู้แทนราษฎร อุทธรณ์ ศาลรัฐธรรมนูญ สาม สิบ พรรค เมือง มติ คัดค้าน มติ ลักษณะ 65 สาม ศาลรัฐธรรมนูญ วินิจฉัย มติ ลักษณะ 65 สาม สมาชิกภาพ สิ้นสุด ศาลรัฐธรรมนูญ วินิจฉัย ศาลรัฐธรรมนูญ วินิจฉัย มติ ลักษณะ 65 สาม สมาชิก สภาผู้แทนราษฎร สมาชิก พรรค เมือง สาม สิบ ศาลรัฐธรรมนูญ วินิจฉัย 8 สมาชิก พรรค เมือง ศาลรัฐธรรมนูญมีคํา สั่ง ยุบ พรรค เมือง สมาชิก สภาผู้แทนราษฎร สมาชิก สมาชิก พรรค เมือง หก สิบ ศาลรัฐธรรมนูญมีคํา สั่ง สิ้นสุด สมาชิกภาพ ถัด ครบกําหนด หก สิบ 9 วุฒิสภา มติ 274 ถอดถอน ตําแหน่ง ศาลรัฐธรรมนูญ คําวินิจฉัย พ้น สมาชิก ภาพ 91 ศาลฎีกามีคํา สั่ง 239 สอง สิ้นสุด สมาชิก ภาพ วุฒิสภา มติ ศาลมีคําวินิจฉัย คํา สั่ง 10 ประชุม จํานวน สี่ จํานวน ประชุม ประชุม กําหนด เวลา ร้อย ยี่ สิบ อนุญาต ประธาน สภาผู้แทนราษฎร 11 คํา พิพากษา จํา คุก รอ โทษ เว้น รอ โทษ กระทํา ประมาท ลหุโทษ ฐาน หมิ่นประมาท']",bertopic_default,False,unlabeled_default_review_required,76_พรรค_เมือง_ลา_ภาพ
77,15,77_ตำแหน่ง_องคมนตรี_ดำรง_แผ่นดิน,77_ตำแหน่ง_องคมนตรี_ดำรง_แผ่นดิน,"['ตำแหน่ง', 'องคมนตรี', 'ดำรง', 'แผ่นดิน', 'คณะ', 'บริหาร', 'ปฏิรูปการปกครอง', 'วาระ', 'รัฐมนตรี', 'แต่งตั้ง']","['คณะ รัฐมนตรี ดำรง ตำแหน่ง ตำแหน่ง บริหาร ราชการ แผ่นดิน นโยบาย แถลง สภาผู้แทนราษฎร พ้น ตำแหน่ง สมาชิก สภาผู้แทนราษฎร ประเภท 1 87', 'คณะ รัฐมนตรี บริหาร ราชการ แผ่นดิน คณะ รัฐมนตรี คณะ รัฐมนตรี บริหาร ราชการ แผ่นดิน สมาชิก สภาผู้ แทน คณะ รัฐมนตรี พ้น ตำแหน่ง 143 สอง อนุโลม', 'คณะ รัฐมนตรี บริหาร ราชการ แผ่นดิน คณะ รัฐมนตรี เลือกตั้ง สมาชิก สภาผู้แทนราษฎร 233 คณะ รัฐมนตรี บริหาร ราชการ แผ่นดิน 179 180 ดำรง ตำแหน่ง รัฐมนตรี เลือกตั้ง สมาชิก สภาผู้แทนราษฎร คณะ รัฐมนตรี พ้น ตำแหน่ง ตำแหน่ง ดำเนิน งาน คณะ รัฐมนตรี']",bertopic_default,False,unlabeled_default_review_required,77_ตำแหน่ง_องคมนตรี_ดำรง_แผ่นดิน
78,15,78_ประชามติ_ร่าง_ทูลเกล้า_พระราชดำริ,ลงคะแนน/ประชามติ,"['ประชามติ', 'ร่าง', 'ทูลเกล้า', 'พระราชดำริ', 'ถวาย', 'พระบรมราชโองการ', 'ประชาชน', 'ออกเสียง', 'พระปรมาภิไธย', 'สภาร่าง']","['พระมหากษัตริย์ พระราชดำริ ร่าง ทูนเกล้า ถวาย 169 กระทบ ประโยชน์ ประเทศ ประชาชน พระราชดำริ สมควร ประชาชน วินิจฉัย พุธะมหากษัตริย์ พระราชอำนาจ ประชาชน ประเทศ เสียง ประชามติ ชอบ ชอบ ร่าง ประชาชน เสียง ประชามติ พระบรมราชโองการ เก้า สิบ ร่าง ทูนเกล้า ฯ ถวาย ประธาน รัฐสภา นาม รับสนอง พระบรมราชโองการ พระบรมราชโองการ สอง ตรา พระราชกฤษฎีกา ประชาชน เสียง ประชามติ เก้า สิบ พระบรมราชโองการ ออกเสียง ประชามติ ราชอาณาจักร พระมหากษัตริย์ พระราชอำนาจ 169 7', 'พระมหากษัตริย์ พระราชดำริ ร่าง ทูลเกล้า ถวาย 173 กะหบ ประโยชน์ ประเทศ ประชาชน พระราชดำริ สมควร ประชาชน วินิจฉัย พระมหากษัตริย์ พระราชอำนาจ ประชาชน ประเทศ ออกเสียง ประชามติ ชอบ ชอบ ร่าง ประชาชน เสียง ประชามติ พระมหากษัตริย์ ตรา พระราชกฤษฎีกา เวลา เก้า สิบ ร่าง ทูลเกล้า ถวาย พระราชกฤษฎีกา ประชาชน เสียง เก้า สิบ ราชอาณาจักร ประธาน องคมนตรี นาม รับสนอง พระบรมราชโองการ พระมหากษัตริย์ พระราชอำนาจ 173 7', 'พระมหากษัตริย์ พระราชดำริ ร่าง ทูลเกล้าฯ ถวาย 228 กระทบ ประโยชน์ ประเทศ ประชาชน พระราชดำริ สมควร ประชาชน วินิจฉัย พระมหากษัตริย์ พระราชอำนาจ ประชาชน ประเทศ เสียง ประชามติ ชอบ ชอบ ร่าง ประชาชน เสียง ประชามติ พระบรมราชโองการ เก้า สิบ ร่าง ทูลเกล้า ฯ ถวาย ประธาน รัฐสภา นาม รับสนอง พระบรมราชโองการ พระบรมราชโองการ สอง ตรา พระราชกฤษฎีกา ประชาชน เสียง ประชามติ เก้า สิบ พระบรมราชโองการ ออกเสียง ประชามติ ราชอาณาจักร พระมหากษัตริย์ พระราชอำนาจ 228 3']",heuristic_keyword_rule,True,review_required,ลงคะแนน/ประชามติ [T78]
